dew_point,avg_wind,humidity,rain,rain_sum,snow_depth,rain_amount,snow_amount,ice_measure,friction,ice_frequency,mean_temperature,condition
-12.7,5.5,47.0,0.0,0.0,0.0,0.0,0.0,0.0,0.82,487.0,-8.8,Normal
-10.584339173015243,3.8562241149338656,82.05533945223434,1.155023917493765,2.5706503874439512,0.0,0.010963810632720943,0.1609199201406714,0.0,0.8065574087858347,105.0,-5.204362921583296,Ice
-3.2,2.1,96.0,4.0,2.1,0.0,0.0,0.34,0.11,0.38,112.0,-8.1,Snow
0.4,0.9,98.0,0.0,0.7,0.0,0.02,0.0,0.0,0.82,465.0,4.550000000000001,Rain
-10.154048165568785,1.5495896274015266,86.47802133387249,0.43710998073664553,0.0,0.0,0.180977321630917,0.0,0.26215761489726896,0.6863094898083307,105.0,-2.060633138785943,Ice
-8.5,5.6,63.0,0.0,0.0,0.0,0.0,0.0,0.0,0.82,112.0,-5.5,Normal
-3.6502977335636873,6.2686286781913925,84.7200894054828,1.75132209421115,2.096218203683221,0.0,0.04057280741921261,0.005210122324234484,0.26247842429897483,0.49388127964253836,221.51565264104238,-2.966471930318286,Ice
4.5,1.2,54.0,0.0,0.0,0.0,0.01,0.0,0.0,0.82,105.0,6.15,Rain
3.2,0.4,90.0,0.0,0.0,0.0,0.0,0.0,0.0,0.82,420.0,8.9,Normal
-7.9,3.4,66.0,0.0,0.0,0.0,0.0,0.0,0.0,0.82,438.0,-4.05,Normal
-13.4,1.9,49.0,0.0,0.0,0.0,0.0,0.0,0.0,0.82,105.0,-6.95,Ice
-5.756322294857173,4.2915782186992075,100.0,0.0,0.0,0.0,0.1904535658165461,0.1124063574325277,0.12926081607775844,0.6064248345895746,105.0,-8.067727038836697,Ice
3.4,0.3,94.0,0.0,0.0,0.0,0.0,0.0,0.0,0.82,402.0,8.5,Normal
-4.2,2.1,96.0,4.0,1.0,4.0,0.0,0.4,0.15,0.34,112.0,-3.4,Snow
2.9,6.1,77.0,0.0,12.5,0.0,0.21,0.0,0.0,0.74,110.0,1.35,Rain
7.3,1.2,60.0,0.0,0.0,0.0,0.0,0.0,0.0,0.82,410.0,8.299999999999999,Normal
-7.6,5.5,66.0,4.0,0.3,0.0,0.0,0.0,0.0,0.82,432.0,-2.9,Snow
-3.0186949970762518,5.669189630285089,70.1775911542158,0.0,1.5884141439434456,0.0,0.12091655351370993,0.11282357893719744,0.11983165954274126,0.82,105.0,-3.141428922754816,Ice
-14.2,3.4,51.0,0.0,0.0,0.0,0.0,0.0,0.0,0.82,112.0,-9.75,Normal
-17.6,0.8,45.0,0.0,0.0,0.0,0.0,0.51,0.02,0.38,415.0,-16.3,Normal
-7.3,4.2,67.0,4.0,0.0,0.0,0.0,0.0,0.0,0.82,465.0,-1.75,Snow
3.3,1.6,100.0,1.0,6.9,0.0,0.24,0.0,0.0,0.73,112.0,-4.1499999999999995,Rain
5.8,1.3,96.0,0.0,0.0,0.0,0.0,0.0,0.0,0.82,432.0,9.45,Normal
-10.0,3.1,61.0,4.0,0.0,0.0,0.0,0.0,0.0,0.82,422.0,-3.8000000000000003,Snow
2.4,2.4,99.0,0.0,4.3,0.0,0.0,0.0,0.0,0.82,115.0,-4.3500000000000005,Rain
-15.4,2.7,43.0,0.0,0.0,0.0,0.0,0.0,0.0,0.82,406.0,-6.75,Normal
-12.602181357570093,0.1,94.32878252634978,1.1671989261100373,0.6312906587003441,0.0,0.17635095885889032,0.10503856988909067,0.0,0.22427968931613057,105.0,-4.492145532499824,Ice
-6.5,2.6,73.0,4.0,0.0,0.0,0.01,0.0,0.0,0.82,112.0,-5.05,Snow
-14.2,3.0,44.0,0.0,0.0,0.0,0.0,0.0,0.0,0.82,425.0,-6.4,Normal
-3.008918921689901,2.5471081945376,98.06243528512486,3.0210741127516396,0.0,0.0,0.0,0.11393225297359058,0.03263018562083281,0.82,105.0,-1.3463326565100222,Ice
-7.6,5.3,67.0,4.0,0.5,0.0,0.0,0.0,0.0,0.82,422.0,-3.1,Snow
-3.1,2.6,99.0,5.0,4.8,15.0,0.07,0.21,0.38,0.13,112.0,-1.7999999999999998,Snow
-4.229065183875793,5.984275562317908,74.63872597664168,0.0,0.0,0.0,0.0,0.0713212998303019,0.0,0.6016625757629183,105.0,-4.777934742090157,Ice
4.2,4.0,95.0,0.0,0.7,0.0,0.14,0.0,0.0,0.78,115.0,1.5,Rain
-13.9,3.5,43.0,4.0,0.0,0.0,0.0,0.0,0.0,0.82,357.0,-6.6,Rain
-13.6,5.2,44.0,0.0,0.0,0.0,0.0,0.0,0.0,0.82,487.0,-7.55,Normal
-1.7727006665611493,7.019449052466134,100.0,1.9339161266203777,1.3205432254566083,0.0,0.236781444034949,0.16719912374312357,0.19198023956015253,0.398249373843318,173.28897552110718,-1.3,Ice
-1.1,1.2313210797857737,100.0,0.0,1.022365139333047,0.0,0.0,0.13929924028604845,0.15569181506319457,0.5984217596434884,105.0,-4.961826746135519,Ice
-14.8,0.3,77.0,0.0,0.0,0.0,0.0,0.0,0.0,0.82,450.0,-6.7,Normal
-16.9,2.4,28.0,0.0,0.0,0.0,0.0,0.0,0.0,0.82,410.0,-3.15,Normal
-24.3,0.3,67.0,0.0,0.0,0.0,0.0,0.52,0.02,0.38,420.0,-17.599999999999998,Normal
-15.3,0.3,45.0,0.0,0.0,0.0,0.0,0.0,0.0,0.82,410.0,-5.25,Normal
5.3,1.6,100.0,0.0,0.2,0.0,0.1,0.0,0.0,0.8,112.0,1.25,Rain
-15.1,0.4,46.0,0.0,0.0,0.0,0.0,0.0,0.0,0.82,420.0,-5.449999999999999,Normal
-6.3935057572321305,2.712040815288704,100.0,0.7994396393876341,5.276005761109708,0.0,0.11372924759860065,0.12777787487111275,0.02577865461323625,0.31522908303340913,105.0,-2.5139070293925276,Ice
-10.398105043910846,3.458342748994278,77.62655272131525,0.0,1.5595990535507678,0.0,0.10088560938114725,0.06362220300004492,0.3645945414866961,0.5223390532637157,184.44137547976763,-11.389215947486303,Ice
6.9,1.1,56.0,0.0,0.0,0.0,0.0,0.0,0.0,0.82,415.0,9.05,Normal
7.0,0.4,68.0,0.0,0.0,0.0,0.0,0.0,0.0,0.82,393.0,9.9,Normal
4.8,2.8,92.0,0.0,0.7,0.0,0.21,0.0,0.0,0.74,112.0,1.5999999999999999,Rain
0.0,1.3,100.0,4.0,4.6,5.0,0.0,0.31,0.16,0.3,107.0,-3.0,Snow
-2.2,2.3,100.0,4.0,4.3,6.0,0.25,0.0,0.0,0.73,112.0,-2.85,Snow
-4.4,1.2,93.0,4.0,3.0,3.0,0.0,0.23,0.2,0.23,115.0,-2.1999999999999997,Snow
4.1,1.5,100.0,1.0,10.7,0.0,0.51,0.0,0.0,0.67,110.0,-4.300000000000001,Rain
3.9,3.1,47.0,0.0,0.0,0.0,0.0,0.0,0.0,0.82,465.0,8.3,Normal
5.4,1.1,86.0,0.0,0.0,0.0,0.0,0.0,0.0,0.82,417.0,9.649999999999999,Normal
-5.413465669261597,0.1,93.54579461609754,0.07001449056555042,2.1803599656598784,0.0,0.1337432794069709,0.09333041123651613,0.2332883409379984,0.7974693992353241,245.26731058752614,-3.411846489947755,Ice
-7.4,3.6,72.0,0.0,0.0,0.0,0.0,0.0,0.0,0.82,122.0,-4.05,Normal
7.7,1.3,66.0,0.0,0.2,0.0,0.0,0.0,0.0,0.82,110.0,9.55,Rain
5.5,2.4,95.0,0.0,6.5,0.0,0.3,0.0,0.0,0.71,110.0,0.4500000000000002,Rain
-3.6,1.6,90.0,4.0,0.1,8.0,0.0,0.0,0.0,0.82,110.0,-2.45,Snow
-11.9,1.0,58.0,0.0,0.0,0.0,0.0,0.0,0.0,0.82,405.0,-7.949999999999999,Normal
-1.3,5.6,93.0,4.0,0.4,2.0,0.28,0.04,0.06,0.71,110.0,-3.95,Snow
1.8,0.6,78.0,0.0,0.0,0.0,0.48,0.0,0.0,0.67,110.0,3.5500000000000003,Rain
-13.5,5.8,41.0,0.0,0.0,0.0,0.0,0.0,0.0,0.82,115.0,-4.9,Normal
4.2,3.2,99.0,0.0,3.0,0.0,0.43,0.0,0.0,0.68,112.0,-2.2,Rain
-5.8,2.7,80.0,4.0,0.1,3.0,0.05,0.0,0.0,0.81,112.0,-4.1499999999999995,Snow
-17.7,0.6,36.0,0.0,2.2,0.0,0.0,0.0,0.0,0.82,402.0,-5.75,Normal
-14.9,2.5,46.0,0.0,0.0,0.0,0.0,0.0,0.0,0.82,157.0,-5.9,Normal
6.3,6.1,91.0,0.0,0.0,0.0,0.01,0.0,0.0,0.82,112.0,2.0000000000000004,Rain
-12.4,3.3,50.0,0.0,0.0,0.0,0.0,0.0,0.0,0.82,405.0,-3.95,Normal
-4.7,1.8,97.0,0.0,1.1,0.0,0.0,0.28,0.19,0.24,112.0,-14.15,Ice
-3.3,4.3,98.0,5.0,2.1,18.0,0.0,0.33,0.17,0.29,110.0,-1.3,Snow
-14.2,1.8,38.0,0.0,0.0,0.0,0.0,0.0,0.0,0.82,422.0,-3.5,Normal
-14.9,3.3,35.0,0.0,0.0,0.0,0.0,0.0,0.0,0.82,440.0,-9.4,Normal
-3.7,4.7,95.0,5.0,1.3,11.0,0.0,0.24,0.09,0.41,110.0,-1.75,Snow
-14.7,1.1,49.0,0.0,0.0,0.0,0.0,0.0,0.0,0.82,500.0,-11.05,Normal
-9.9,3.4,59.0,4.0,0.0,0.0,0.0,0.0,0.0,0.82,411.0,-4.75,Normal
-2.373855697754199,2.076024445511052,100.0,0.3567479181476536,0.0,0.0,0.241027798838661,0.0,0.18630601311215594,0.29109892182068586,105.0,-10.849533044728323,Ice
-3.3048090943579864,5.452728853936579,100.0,0.6430643869927832,2.45809085616799,0.0,0.0,0.13770634234758214,0.15170665593304014,0.82,196.7613320092534,-9.820391801820382,Ice
-6.364371679972159,3.582321409717693,77.67375963733639,2.7735330801709512,1.4411409475413817,0.0,0.0,0.14125543861732284,0.10803377137513744,0.82,105.0,-14.10566801939833,Ice
-1.1,6.264501883108973,72.92706853736117,1.4712508819034542,0.0,0.0,0.18466237852142559,0.3907429400502426,0.15491276712390328,0.37650386036085237,216.7850200104039,-4.643781479517096,Ice
-9.2,1.7,57.0,0.0,0.0,0.0,0.0,0.0,0.0,0.82,420.0,-2.4000000000000004,Normal
-8.0,0.8,70.0,0.0,0.0,0.0,0.0,0.0,0.0,0.82,115.0,-4.05,Rain
-5.561443689823554,4.800935766318775,94.32980094905548,0.06831624365342659,1.307436564240655,0.0,0.1259873738617011,0.07640468095165028,0.0724896037946906,0.4412167469590915,143.3636748171481,-6.789565119336601,Ice
-4.750460094100599,3.271980940068051,92.15179947379727,1.238466706980959,4.89308300800797,0.0,0.04345064027572075,0.0,0.11350904207771591,0.45731451560811515,156.6764694726878,-3.203530455811248,Ice
-0.4,4.4,80.0,0.0,0.0,0.0,0.0,0.0,0.0,0.82,414.0,-0.8999999999999999,Rain
5.2,3.4,92.0,0.0,0.1,0.0,0.29,0.0,0.0,0.71,115.0,0.10000000000000009,Rain
-2.5,1.2,70.0,0.0,0.0,0.0,0.0,0.0,0.0,0.82,410.0,0.25,Normal
3.6,2.0,100.0,1.0,3.2,0.0,0.56,0.01,0.02,0.66,110.0,-0.19999999999999996,Rain
-12.0,2.3,45.0,0.0,0.0,0.0,0.0,0.0,0.0,0.82,401.0,-5.65,Normal
-3.4,4.2,88.0,4.0,0.8,0.0,0.3,0.0,0.0,0.71,112.0,-1.8499999999999999,Snow
-12.3,1.9,44.0,0.0,0.0,0.0,0.0,0.0,0.0,0.82,400.0,-6.25,Normal
-14.3,0.3,68.0,0.0,0.0,0.0,0.0,0.0,0.0,0.82,105.0,-5.6000000000000005,Ice
-15.7,1.3,38.0,0.0,0.0,0.0,0.0,0.0,0.0,0.82,440.0,-5.6,Normal
5.8,2.1,87.0,0.0,0.0,0.0,0.1,0.0,0.0,0.8,112.0,1.8000000000000003,Rain
-2.9,4.8,96.0,4.0,3.7,3.0,0.14,0.04,0.08,0.78,112.0,-2.0500000000000003,Snow
-4.7,3.0,89.0,4.0,0.2,0.0,0.0,0.05,0.07,0.54,112.0,-2.6999999999999997,Snow
3.6,0.8,70.0,0.0,0.0,0.0,0.0,0.0,0.0,0.82,435.0,5.9,Normal
4.5,1.0,93.0,0.0,0.6,0.0,0.52,0.0,0.0,0.67,112.0,8.4,Rain
3.7,3.7,96.0,0.0,0.2,0.0,0.12,0.0,0.0,0.79,110.0,1.5,Rain
4.2,1.4,50.0,0.0,0.0,0.0,0.0,0.0,0.0,0.82,115.0,6.3500000000000005,Normal
-5.077091644021943,5.509890978576859,100.0,3.1152617021274835,3.2631458723327142,0.0,0.016563546689767054,0.0,0.2542908555615879,0.32131917909821217,169.0849776482135,-7.712914184417384,Ice
-6.2,4.9,97.0,4.0,0.0,0.0,0.0,0.0,0.0,0.82,419.0,-4.25,Snow
4.4,0.9,94.0,0.0,0.1,0.0,0.27,0.0,0.0,0.72,112.0,7.3500000000000005,Rain
-4.7,7.8,88.0,4.0,0.2,1.0,0.12,0.0,0.0,0.79,112.0,-2.55,Snow
-15.0,3.3,70.0,0.0,0.0,0.0,0.0,0.0,0.0,0.82,422.0,-10.4,Normal
-5.2,2.0,66.0,0.0,0.0,0.0,0.0,0.0,0.0,0.82,432.0,-4.45,Normal
-9.3,3.0,66.0,0.0,0.0,0.0,0.0,0.0,0.0,0.82,410.0,-4.5,Normal
4.8,3.8,97.0,0.0,0.1,0.0,0.15,0.0,0.0,0.78,112.0,1.0,Rain
-5.1,5.3,88.0,4.0,1.2,1.0,0.02,0.1,0.15,0.29,112.0,-2.25,Snow
-18.2,1.4,37.0,0.0,0.0,0.0,0.0,0.0,0.0,0.82,400.0,-7.5,Rain
-8.7,1.8,68.0,0.0,0.0,0.0,0.0,0.0,0.0,0.82,185.0,-4.1499999999999995,Normal
0.7,3.8,95.0,1.0,1.3,0.0,0.33,0.0,0.0,0.7,115.0,-0.9,Rain
-7.3,2.9,71.0,0.0,0.0,0.0,0.0,0.0,0.0,0.82,435.0,-2.15,Normal
-15.5,0.9,41.0,0.0,0.0,0.0,0.0,0.0,0.0,0.82,405.0,-5.1,Normal
-15.7,3.8,39.0,0.0,0.0,0.0,0.0,0.0,0.0,0.82,435.0,-3.1,Normal
-10.8,0.3,71.0,0.0,0.0,0.0,0.0,0.0,0.0,0.82,442.0,-4.2,Normal
-5.4,5.8,78.0,4.0,0.1,1.0,0.03,0.0,0.0,0.82,112.0,-2.35,Snow
2.8,1.2,100.0,1.0,10.2,0.0,0.46,0.0,0.0,0.68,110.0,-4.800000000000001,Rain
-10.6,2.9,54.0,4.0,0.0,0.0,0.0,0.0,0.0,0.82,452.0,-5.55,Snow
3.6,0.8,63.0,0.0,0.0,0.0,0.01,0.0,0.0,0.82,105.0,6.2,Rain
-0.2,1.2,40.0,0.0,0.0,0.0,0.0,0.0,0.0,0.82,417.0,7.1000000000000005,Normal
4.6,3.4,48.0,0.0,0.0,0.0,0.01,0.0,0.0,0.82,112.0,9.15,Rain
-3.0,6.6,95.0,5.0,3.5,21.0,0.24,0.0,0.0,0.73,110.0,-1.5999999999999999,Snow
-4.379545597360584,0.6861609695212638,99.2904733583045,1.5136286618898644,0.7963536793384748,0.0,0.09179499534862363,0.20041327955541385,0.0,0.82,167.8744041868889,-1.3,Ice
-8.600914184243116,1.3055513459969985,76.18824522569439,2.4507654592769175,0.0,0.0,0.19042145572002375,0.1160935760449147,0.0,0.22949191320614631,164.45799547582538,-6.803052599392185,Ice
-6.6394999901892655,4.189452898141813,99.4956876036619,2.0204208169583744,3.272283935708979,0.0,0.0,0.3209904235047067,0.2750087750009613,0.4462962071087986,133.25513721213417,-7.759535188356658,Ice
-8.0,1.8,50.0,0.0,0.0,0.0,0.0,0.0,0.0,0.82,112.0,-1.6,Rain
3.9,2.5,96.0,0.0,2.7,0.0,0.31,0.0,0.0,0.7,112.0,-2.7,Rain
4.0,2.2,87.0,0.0,0.0,0.0,0.0,0.0,0.0,0.82,165.0,9.9,Normal
-1.1,6.106979927351876,92.87439897895898,0.22832400583779078,3.4380749827785264,0.0,0.14527275616840618,0.2526870528344716,0.18804126959441608,0.7958666138657133,224.48405489804315,-1.8609680093573968,Ice
-2.9448056177775297,4.10205287853695,98.08706921974044,1.6088270559051265,2.4233694491484545,0.0,0.0,0.14694207169678103,0.0,0.5256969660008377,105.0,-1.3,Ice
-9.7,2.2,53.0,0.0,0.3,0.0,0.0,0.01,0.0,0.82,427.0,-3.15,Normal
2.2,6.1,89.0,1.0,0.3,0.0,0.55,0.0,0.0,0.66,110.0,0.09999999999999987,Rain
5.3,3.2,100.0,0.0,2.9,0.0,0.18,0.0,0.0,0.76,112.0,-2.3499999999999996,Rain
-2.9,2.5,100.0,4.0,2.4,0.0,0.0,0.43,0.11,0.38,115.0,-7.0,Snow
-18.6,2.9,30.0,0.0,0.0,0.0,0.0,0.0,0.0,0.82,464.0,-14.15,Normal
-0.9,3.4,95.0,4.0,0.6,4.0,0.7,0.0,0.0,0.64,112.0,-4.2,Snow
4.9,2.3,94.0,0.0,0.0,0.0,0.09,0.0,0.0,0.8,112.0,1.9000000000000001,Rain
9.0,1.7,73.0,0.0,0.0,0.0,0.0,0.0,0.0,0.82,385.0,9.2,Normal
-15.2,0.4,44.0,0.0,0.0,0.0,0.0,0.0,0.0,0.82,430.0,-6.15,Normal
-19.7,1.2,40.0,0.0,0.0,0.0,0.0,0.0,0.0,0.82,402.0,-7.5,Normal
-8.2,3.1,63.0,4.0,0.0,0.0,0.0,0.0,0.0,0.82,405.0,-3.6999999999999997,Snow
-5.3,3.5,92.0,5.0,1.2,15.0,0.0,0.16,0.07,0.46,112.0,-2.9,Snow
-8.074382316915088,5.010376448571607,81.34938324731955,0.5544183392119917,3.7627071443008013,0.0,0.0218392672323734,0.3642640238644653,0.01714991352697884,0.1768746065788247,324.0604971534477,-6.728693067648857,Ice
-5.104895037678371,3.8983101107485227,82.03971499403028,0.0,1.802439914705527,0.0,0.015003702201611853,0.3328713677510224,0.06976870248677979,0.5020362850619834,105.0,-1.3,Ice
-5.1,1.5,65.0,0.0,0.0,0.0,0.0,0.0,0.0,0.82,417.0,-1.0,Normal
6.7,1.6,66.0,0.0,0.0,0.0,0.0,0.0,0.0,0.82,475.0,9.55,Rain
4.9,4.3,91.0,0.0,13.2,0.0,0.36,0.0,0.0,0.69,110.0,1.15,Rain
5.1,2.0,73.0,0.0,0.0,0.0,0.0,0.0,0.0,0.82,390.0,5.55,Normal
-6.158669112945808,2.601047825906428,89.57951905057732,0.05351359779317999,3.821710676041623,0.0,0.10026722323171323,0.23424189266972595,0.11242492981480098,0.552078015556937,143.15907592501387,-2.708446106610139,Ice
4.7,1.1,87.0,0.0,0.1,0.0,0.14,0.0,0.0,0.78,115.0,8.0,Rain
-8.2,0.6,74.0,0.0,0.8,0.0,0.0,0.0,0.0,0.82,420.0,-3.6,Normal
4.9,1.3,93.0,0.0,0.2,0.0,0.12,0.0,0.0,0.79,110.0,1.95,Rain
-3.0920735926092267,3.3100672727576246,72.37866777373199,2.8910470853734767,0.0,0.0,0.15440596072251334,0.0754266272866551,0.10390573096915189,0.4173721698136133,190.1503473381682,-2.2390315252926487,Ice
-7.6,4.5,74.0,4.0,0.1,0.0,0.01,0.0,0.0,0.82,112.0,-6.95,Snow
-7.7,2.6,55.0,0.0,0.0,0.0,0.0,0.0,0.0,0.82,409.0,-1.6,Normal
-11.011048774435263,1.4009685011894846,65.8819171750656,0.8130893597332404,1.268482030946998,0.0,0.0,0.13899564624374638,0.24089506146326845,0.635501439933163,105.0,-5.390640675297593,Ice
-2.2,2.8,92.0,4.0,4.0,0.0,0.14,0.0,0.0,0.78,110.0,-1.2,Snow
0.3,1.6,50.0,0.0,0.0,0.0,0.06,0.0,0.0,0.81,110.0,5.45,Normal
4.8,4.4,91.0,0.0,0.1,0.0,0.14,0.0,0.0,0.78,115.0,-0.6000000000000001,Rain
-10.692768864123455,4.805339742186778,93.95237428132513,3.8240313671348876,0.0,0.0,0.10865899111715721,0.16259864697576418,0.22011650133107924,0.48086141690195283,128.1673044405072,-3.1262325294990516,Ice
5.3,1.1,100.0,0.0,0.2,0.0,0.11,0.0,0.0,0.8,112.0,1.25,Rain
-6.4,3.1,71.0,0.0,0.0,0.0,0.0,0.0,0.0,0.82,419.0,-2.7,Normal
-6.6,6.2,74.0,4.0,0.2,0.0,0.02,0.0,0.0,0.82,430.0,-2.7,Snow
-2.5,2.7,97.0,4.0,7.3,6.0,0.12,0.05,0.06,0.79,112.0,-2.25,Snow
-7.9,1.5,60.0,0.0,0.0,0.0,0.0,0.0,0.0,0.82,357.0,-2.9,Normal
-3.9,3.9,95.0,4.0,1.1,11.0,0.05,0.1,0.16,0.3,112.0,-3.3000000000000003,Snow
-2.9,6.1,96.0,4.0,3.3,3.0,0.0,0.4,0.1,0.38,141.0,-2.55,Snow
-10.5,2.4,57.0,0.0,0.0,0.0,0.0,0.0,0.0,0.82,440.0,-3.4,Normal
-8.5,4.5,64.0,4.0,0.0,0.0,0.0,0.0,0.0,0.82,115.0,-3.7,Snow
-8.3,2.4,67.0,4.0,0.2,0.0,0.0,0.14,0.03,0.5,419.0,-5.1,Normal
-9.0,1.9,65.0,0.0,0.7,0.0,0.01,0.0,0.0,0.82,497.0,-4.35,Normal
-5.8,2.1,89.0,4.0,0.2,5.0,0.11,0.04,0.05,0.79,110.0,-5.6,Snow
-17.2,1.3,36.0,0.0,0.2,0.0,0.0,0.0,0.0,0.82,182.0,-5.9,Normal
-8.6,0.8,73.0,0.0,0.0,0.0,0.0,0.0,0.0,0.82,432.0,-3.55,Normal
1.8,0.6,64.0,0.0,0.0,0.0,0.0,0.0,0.0,0.82,125.0,6.1,Rain
-4.016190916849194,2.794982672870523,76.27288092315422,4.0,1.9952092617133412,0.0,0.0,0.10505138958938011,0.261579694580775,0.82,365.7302889808477,-10.138754145003603,Ice
-3.1,2.4,97.0,6.0,1.1,24.0,0.0,0.46,0.11,0.38,112.0,-7.1,Snow
-2.1,2.8,99.0,4.0,4.6,6.0,0.38,0.02,0.08,0.69,112.0,-0.5,Snow
1.3,1.2,99.0,1.0,11.5,0.0,0.43,0.0,0.0,0.68,115.0,-2.6,Rain
-2.2,1.8,100.0,4.0,4.5,11.0,0.0,0.12,0.14,0.31,110.0,-1.7,Snow
1.5,4.9,95.0,1.0,4.1,0.0,0.41,0.0,0.0,0.68,110.0,-0.7,Rain
4.6,1.8,100.0,0.0,5.1,0.0,0.23,0.0,0.0,0.73,112.0,-1.0500000000000003,Rain
-13.7,0.5,66.0,0.0,0.0,0.0,0.0,0.0,0.0,0.82,420.0,-5.1,Normal
6.3,2.0,86.0,0.0,0.0,0.0,0.0,0.0,0.0,0.82,560.0,7.3,Normal
-2.6542679525742208,1.2138967148304538,91.33386803840088,2.7288794081622694,0.0,0.0,0.01722880291909975,0.17394508804254016,0.1381734796274735,0.82,239.67262842711278,-9.925510344185186,Ice
-2.3,5.6,97.0,4.0,0.6,1.0,0.0,0.35,0.13,0.36,112.0,-0.9500000000000001,Snow
-1.1,3.4096033606296245,87.51242978169695,1.5010297954501073,2.6118020312368735,0.0,0.13057395539620387,0.14297863027511334,0.12302791330458746,0.82,126.50761213650476,-6.06105659605686,Ice
1.1,1.4,48.0,0.0,0.0,0.0,0.0,0.0,0.0,0.82,322.0,5.3,Normal
-7.2115177035325235,1.3080312816397348,85.06120917152806,0.5448033373828609,1.2308348760721837,0.0,0.05352278977515826,0.0,0.18480514262147074,0.31678352439659596,191.42016918460226,-1.3,Ice
4.3,1.4,100.0,0.0,6.9,0.0,0.24,0.0,0.0,0.73,112.0,-3.6499999999999995,Rain
-11.727114072319804,3.7458729678681464,81.65117124275963,0.0,2.465176476159933,0.0,0.03104025311969514,0.19832087223320904,0.0,0.82,187.85263007994246,-1.3,Ice
6.9,2.1,70.0,0.0,0.0,0.0,0.0,0.0,0.0,0.82,400.0,9.1,Normal
-3.1,2.9,97.0,4.0,3.8,2.0,0.0,0.57,0.06,0.38,112.0,-3.05,Snow
4.1,2.2,93.0,0.0,0.0,0.0,0.0,0.0,0.0,0.82,392.0,8.25,Normal
-1.1,1.5742589136319778,91.65934008513747,0.7293334083753316,1.3202098688163713,0.0,0.09529506863167529,0.28802425223352285,0.07425009317012121,0.82,144.19929812583638,-10.787603352579218,Ice
6.1,1.6,85.0,0.0,0.0,0.0,0.02,0.0,0.0,0.82,110.0,8.7,Rain
-16.7,0.7,38.0,0.0,0.0,0.0,0.0,0.0,0.0,0.82,475.0,-6.199999999999999,Normal
-7.9,4.4,65.0,4.0,0.1,0.0,0.0,0.0,0.0,0.82,112.0,-2.65,Snow
-2.8154135273790146,4.115242900475234,71.95876959755032,3.196788574580907,2.4429318471835915,0.0,0.12948144971449035,0.3018791070345224,0.19159357919573988,0.82,105.0,-13.707154297136526,Ice
-3.1,3.3,99.0,4.0,0.9,2.0,0.0,0.31,0.08,0.39,110.0,-3.3,Snow
-2.8,4.4,96.0,5.0,4.1,2.0,0.17,0.17,0.29,0.36,110.0,-1.4,Snow
-3.4,1.1,61.0,0.0,0.0,0.0,0.01,0.0,0.0,0.82,395.0,0.7,Normal
4.5,0.5,95.0,0.0,0.0,0.0,0.01,0.0,0.0,0.82,438.0,5.8,Normal
4.1,3.2,100.0,0.0,4.0,0.0,0.59,0.0,0.0,0.66,115.0,-3.15,Rain
-1.3,4.6,96.0,4.0,7.0,1.0,0.31,0.01,0.02,0.71,110.0,-1.5499999999999998,Snow
-8.752626772092693,2.8734687965434693,73.01434306300149,2.726071390650927,0.0,0.0,0.016704927720114685,0.02151333444108877,0.17071685356420896,0.45599477014439693,105.0,-6.770122088028279,Ice
-9.621838780535496,0.17580673054173257,90.06284891629576,0.6942944442300414,1.8661291008966865,0.0,0.00994515519761801,0.08225331883580965,0.2503227583295494,0.16626145264990294,165.96304303689038,-9.131054130481619,Ice
-3.1,3.8,98.0,5.0,4.4,9.0,0.0,0.52,0.13,0.36,110.0,-1.35,Snow
-5.464092226392739,1.0069407581035266,92.2027882791563,2.7711416508110025,3.9225620625943947,0.0,0.12748920328907687,0.1053831359988894,0.33294000334051893,0.82,105.0,-3.340471176172,Ice
5.3,4.1,98.0,0.0,0.5,0.0,0.05,0.0,0.0,0.81,112.0,-1.4,Rain
5.2,2.4,100.0,0.0,5.1,0.0,0.23,0.0,0.0,0.73,112.0,-0.8500000000000001,Rain
-3.2,3.0,100.0,5.0,4.8,16.0,0.01,0.68,0.14,0.36,110.0,-1.7,Snow
-2.4,2.3,98.0,5.0,1.1,7.0,0.0,0.26,0.08,0.4,115.0,-6.300000000000001,Snow
5.7,5.3,93.0,0.0,0.0,0.0,0.04,0.0,0.0,0.82,110.0,1.0500000000000003,Rain
-6.997297113559196,3.552466411240321,74.51132349750243,1.8690553367399074,0.0,0.0,0.0928523374004138,0.28607547044208775,0.3033120606720092,0.17267530998749353,140.61371439520434,-1.3,Ice
-4.6,1.2,63.0,0.0,0.1,0.0,0.0,0.0,0.0,0.82,107.0,-0.09999999999999987,Rain
3.7,1.4,70.0,0.0,0.0,0.0,0.01,0.0,0.0,0.82,390.0,6.550000000000001,Normal
-6.882501570367933,3.26286562233106,95.28432276501806,0.021444498956462388,2.055511744907199,0.0,0.02770295134321791,0.13145092105760545,0.23053801734565,0.5723380397266519,105.0,-1.3,Ice
-7.907013818562198,1.8453134177461097,89.30414483170452,1.1990016687482175,0.4236112098262088,0.0,0.0,0.32675391988483043,0.24150658057888236,0.6622215219790943,105.0,-5.4900015561559465,Ice
-6.5,5.0,80.0,4.0,0.6,0.0,0.0,0.2,0.25,0.17,487.0,-2.0500000000000003,Snow
-8.7,3.7,59.0,4.0,0.0,0.0,0.0,0.0,0.0,0.82,440.0,-3.2,Rain
-18.2,3.3,31.0,0.0,0.0,0.0,0.0,0.0,0.0,0.82,628.0,-13.75,Normal
0.0,1.3,100.0,4.0,3.9,14.0,4.02,0.0,0.0,0.2,110.0,-4.75,Rain
5.1,2.2,91.0,0.0,0.0,0.0,0.0,0.0,0.0,0.82,410.0,9.75,Normal
-4.8,3.6,97.0,4.0,0.9,2.0,0.0,0.19,0.17,0.26,125.0,-4.95,Snow
-3.1,2.1,85.0,4.0,4.3,0.0,0.24,0.0,0.0,0.73,112.0,-1.55,Rain
6.8,1.3,62.0,0.0,0.0,0.0,0.0,0.0,0.0,0.82,392.0,9.850000000000001,Rain
-20.0,1.6,25.0,0.0,0.0,0.0,0.0,0.0,0.0,0.82,420.0,-4.95,Normal
-15.7,3.5,48.0,0.0,0.0,0.0,0.0,0.0,0.0,0.82,415.0,-17.9,Normal
-1.2344631051648096,4.394725494659586,88.24072456214195,1.7387855848154188,0.0,0.0,0.0,0.134101732030675,0.19527813213055917,0.2869337303645564,209.45869935770685,-10.061790893908391,Ice
-5.156508917064064,2.4947687919153454,61.491702883311206,1.9360217221791298,0.0,0.0,0.12205442162839089,0.2958274489746741,0.2359133651303475,0.6366151901393199,131.806562245544,-7.2847048048619065,Ice
0.0,1.0,100.0,4.0,5.4,10.0,0.0,0.53,0.07,0.38,110.0,-2.0,Snow
-4.9,8.3,88.0,4.0,0.1,0.0,0.0,0.11,0.1,0.43,110.0,-4.65,Snow
6.7,1.5,57.0,0.0,0.0,0.0,0.0,0.0,0.0,0.82,391.0,9.4,Normal
-3.7,2.0,97.0,4.0,1.7,4.0,0.0,0.42,0.13,0.36,130.0,-4.25,Snow
-1.580441729228045,2.4426124560392886,80.89410219304584,1.0900513737307442,2.013911360793927,0.0,0.0,0.3116555346628364,0.08660781260917924,0.5706600040765923,119.38701145975159,-6.44843784429542,Ice
2.5,3.0,100.0,0.0,6.2,0.0,0.18,0.01,0.01,0.76,112.0,-5.35,Rain
-7.6,5.0,70.0,4.0,0.1,0.0,0.02,0.0,0.0,0.82,107.0,-2.75,Snow
-5.2,4.2,91.0,5.0,0.5,10.0,0.25,0.0,0.0,0.73,112.0,-3.15,Snow
-3.2,4.6,96.0,5.0,2.8,7.0,0.0,0.89,0.05,0.37,112.0,-4.05,Snow
-1.3455259226380702,3.5478653330234127,90.4131384149926,1.27729883845903,2.6656360723709636,0.0,0.0,0.21898911875307334,0.1464585755314872,0.82,105.0,-8.365863870877712,Ice
-1.8,1.9,96.0,0.0,4.8,0.0,0.0,0.04,0.19,0.2,112.0,-7.05,Rain
-2.7,2.8,68.0,0.0,0.0,0.0,0.0,0.0,0.0,0.82,492.0,-0.30000000000000004,Normal
-2.8,4.1,98.0,4.0,2.5,0.0,0.0,0.21,0.11,0.39,112.0,-7.65,Snow
-9.9,1.9,57.0,0.0,0.0,0.0,0.0,0.0,0.0,0.82,430.0,-11.25,Normal
-3.9410472879070158,0.733273547573349,87.53102470219518,3.2195405792700456,1.7423744088384139,0.0,0.05973188398636308,0.15435605148420833,0.05354289410660412,0.3777459135717402,105.0,-6.018961224063182,Ice
-11.544110159915206,3.9908203352317546,100.0,0.0,0.0,0.0,0.10796011022465224,0.03581975621453634,0.0,0.1548215276325684,156.31752256232886,-1.3,Ice
4.0,3.4,99.0,0.0,9.3,0.0,0.41,0.0,0.0,0.68,112.0,-2.85,Rain
4.4,4.7,96.0,0.0,0.3,0.0,0.1,0.0,0.0,0.8,110.0,0.25,Rain
6.1,3.0,98.0,0.0,0.0,0.0,0.03,0.0,0.0,0.82,112.0,1.8499999999999996,Rain
1.3,0.6,100.0,1.0,11.2,0.0,0.32,0.0,0.0,0.7,112.0,-2.0500000000000003,Rain
-7.386141701282391,5.262983174065377,85.06654129906502,0.055286719263819784,2.1056628804208857,0.0,0.03998708954415705,0.1709014779102151,0.0,0.3131849444690613,105.0,-11.032131248369584,Ice
-4.683811501551185,1.1877580298972026,80.18543145880916,2.449716647333976,4.450559700661874,0.0,0.16464178150933068,0.04199273163794043,0.10810957063648437,0.82,210.9400936108335,-13.781439022576532,Ice
0.7,1.4,100.0,4.0,9.7,5.0,0.51,0.09,0.09,0.67,112.0,-3.2,Rain
2.7,0.6,78.0,0.0,0.0,0.0,0.0,0.0,0.0,0.82,109.0,6.15,Normal
-5.2,3.8,91.0,4.0,5.0,0.0,0.0,0.16,0.16,0.27,110.0,-2.9,Snow
-17.3,0.5,36.0,0.0,0.0,0.0,0.0,0.0,0.0,0.82,160.0,-7.050000000000001,Normal
3.8,1.7,89.0,0.0,0.3,0.0,0.02,0.0,0.0,0.82,115.0,7.65,Rain
4.6,3.7,98.0,0.0,2.6,0.0,0.51,0.0,0.0,0.67,112.0,-1.9500000000000002,Rain
-12.2,2.0,48.0,0.0,0.0,0.0,0.0,0.0,0.0,0.82,432.0,-5.95,Normal
-13.5,0.8,70.0,0.0,0.0,0.0,0.0,0.0,0.0,0.82,112.0,-9.200000000000001,Normal
-7.5,7.8,67.0,4.0,0.0,0.0,0.0,0.0,0.0,0.82,112.0,-1.25,Snow
-12.5,0.3,57.0,0.0,0.0,0.0,0.0,0.0,0.0,0.82,435.0,-5.65,Normal
6.1,3.1,98.0,0.0,0.0,0.0,0.0,0.0,0.0,0.82,110.0,7.25,Rain
-4.065374473026061,5.36432894643428,73.1325418257913,0.6693605991193947,4.505119029105143,0.0,0.2132068907324658,0.0,0.0799065962385293,0.1959806067807705,290.56446001467725,-4.239786739193474,Ice
-5.5,5.5,75.0,0.0,0.0,0.0,0.0,0.0,0.0,0.82,422.0,-2.3,Normal
-2.5,3.7,95.0,4.0,3.1,7.0,0.21,0.03,0.07,0.74,110.0,-1.1,Snow
5.6,3.2,90.0,0.0,0.7,0.0,0.04,0.0,0.0,0.82,110.0,0.8500000000000001,Rain
5.3,4.1,89.0,0.0,1.7,0.0,0.42,0.0,0.0,0.68,112.0,0.0,Rain
-0.1,1.4,100.0,4.0,5.4,5.0,0.0,0.52,0.12,0.37,107.0,-3.0,Snow
-13.4,2.2,42.0,0.0,0.0,0.0,0.0,0.0,0.0,0.82,430.0,-11.3,Normal
-8.6,1.7,67.0,4.0,0.0,0.0,0.0,0.0,0.0,0.82,385.0,-8.7,Snow
-7.5,4.6,65.0,4.0,0.0,0.0,0.0,0.0,0.0,0.82,182.0,-4.05,Snow
5.0,3.8,98.0,0.0,3.0,0.0,0.46,0.0,0.0,0.67,112.0,-1.7000000000000002,Rain
-1.2,5.5,83.0,1.0,0.1,0.0,0.07,0.0,0.0,0.81,112.0,-2.95,Rain
-11.496526067324158,1.984954128516287,93.94181695694162,1.859320832806576,0.0,0.0,0.016248398759698184,0.010839597341656501,0.07717509261243263,0.7356754351390993,105.0,-10.079110031150645,Ice
5.3,2.8,95.0,0.0,0.1,0.0,0.1,0.0,0.0,0.8,112.0,1.15,Rain
5.1,0.7,97.0,0.0,0.0,0.0,0.0,0.0,0.0,0.82,110.0,6.9,Rain
-11.1,4.7,49.0,0.0,0.0,0.0,0.0,0.0,0.0,0.82,415.0,-6.45,Normal
-7.2,3.3,73.0,4.0,2.4,0.0,0.0,0.15,0.19,0.23,112.0,-3.3499999999999996,Snow
2.4,3.0,99.0,1.0,5.3,0.0,0.36,0.0,0.0,0.69,110.0,-4.85,Rain
-10.518090117119108,0.1617629571578818,93.282587926532,1.847757300581612,0.0,0.0,0.1447444221394154,0.05398121959058536,0.0032364998858119137,0.2042045354013824,133.0567197502467,-7.1542538063997885,Ice
-8.7,1.7,53.0,0.0,0.0,0.0,0.0,0.0,0.0,0.82,452.0,-3.05,Normal
-5.604382327563979,4.178362224334436,89.05257549801226,2.3783368073389486,0.9608525503929407,0.0,0.2362574004122982,0.07591119378530733,0.0,0.682144670568611,105.0,-7.506024817627409,Ice
-7.067811636394076,1.6760627877338168,90.77920738380635,2.0350164190265896,0.0,0.0,0.07349447922296105,0.026725443095806142,0.1011333393769477,0.18088697492438588,164.4794323693764,-8.092603307987408,Ice
5.7,3.2,99.0,0.0,6.5,0.0,0.2,0.0,0.0,0.75,112.0,1.2999999999999998,Rain
5.6,2.3,96.0,0.0,0.0,0.0,0.02,0.0,0.0,0.82,110.0,8.5,Rain
-14.2,0.3,58.0,0.0,0.0,0.0,0.0,0.0,0.0,0.82,482.0,-10.0,Normal
-12.1,3.0,48.0,4.0,0.0,0.0,0.0,0.0,0.0,0.82,112.0,-7.6,Snow
2.8,3.7,98.0,1.0,0.2,0.0,0.22,0.0,0.0,0.74,112.0,0.8,Rain
-1.1,0.1,100.0,1.0,6.7,0.0,0.0,0.4,0.3,0.18,112.0,-2.1,Ice
-8.0,6.3,70.0,4.0,0.0,0.0,0.06,0.0,0.0,0.81,112.0,-6.550000000000001,Rain
-7.1,5.3,72.0,4.0,0.0,0.0,0.0,0.0,0.0,0.82,110.0,-3.15,Snow
-6.7,3.6,72.0,4.0,0.1,0.0,0.0,0.0,0.0,0.82,430.0,-3.2,Snow
-13.0,6.9,46.0,0.0,0.0,0.0,0.0,0.0,0.0,0.82,417.0,-6.75,Normal
-1.1,0.5223107164221008,89.29056389253654,0.0,2.6545732366805126,0.0,0.0,0.4,0.17240822368951703,0.82,329.6318359780499,-4.063228300848026,Ice
2.5,1.0,73.0,0.0,0.0,0.0,0.05,0.22,0.17,0.27,110.0,3.5,Rain
6.1,0.7,77.0,0.0,0.0,0.0,0.0,0.0,0.0,0.82,400.0,8.35,Normal
2.9,3.1,97.0,1.0,0.2,0.0,0.17,0.0,0.0,0.76,112.0,0.7999999999999998,Rain
-6.355243562874806,3.3972191298155794,67.44006458324971,0.0,3.045482839091003,0.0,0.0,0.0,0.2354248717334646,0.31925424447567285,105.0,-10.912649716193872,Ice
-4.7,2.5,73.0,0.0,0.0,0.0,0.0,0.0,0.0,0.82,392.0,-2.55,Rain
-7.6,0.9,53.0,0.0,0.0,0.0,0.0,0.0,0.0,0.82,392.0,-3.0,Rain
-6.989247778111542,2.1328331504585507,94.25408070589387,1.863218868998307,2.6248757544199455,0.0,0.02469727872043284,0.0,0.15915109430001,0.82,160.8780704281104,-4.747836142850027,Ice
-2.9,5.1,93.0,4.0,1.5,5.0,0.23,0.0,0.0,0.73,112.0,-1.45,Snow
-3.0,5.2,89.0,4.0,2.1,0.0,0.16,0.0,0.0,0.77,112.0,-1.5,Snow
-6.2,7.6,73.0,4.0,0.1,0.0,0.0,0.0,0.0,0.82,299.0,-2.55,Snow
-1.1,0.1,85.10630665989936,1.3916532634651069,3.5480791996223076,0.0,0.03972742276278865,0.0,0.0,0.82,326.8580887223288,-5.034022547553804,Ice
-15.3,5.5,41.0,0.0,0.0,0.0,0.0,0.0,0.0,0.82,410.0,-4.0,Normal
-7.198683232274207,4.355793142775973,82.99627398343088,1.9738329296854555,0.8922999586296351,0.0,0.2303054317598754,0.0,0.19724655073923875,0.7307575012151077,178.2852784659087,-13.239941439529407,Ice
-0.4,1.1,100.0,0.0,3.3,0.0,0.0,1.72,0.03,0.35,110.0,-2.65,Snow
-4.6,4.6,93.0,4.0,0.3,2.0,0.0,0.22,0.19,0.23,112.0,-5.7,Snow
-9.833909296636836,0.1,95.96922338029061,1.4501446900583814,0.0,0.0,0.11391464206769496,0.08336167473298128,0.20119156731671886,0.814332094159204,105.0,-7.5039355623774515,Ice
5.2,0.9,99.0,0.0,0.9,0.0,0.13,0.0,0.0,0.78,110.0,1.1,Rain
3.9,0.5,96.0,0.0,1.4,0.0,0.14,0.0,0.0,0.78,110.0,7.25,Rain
-2.7,3.9,100.0,4.0,0.6,7.0,0.0,0.2,0.15,0.3,110.0,-2.3,Snow
-5.905046233956165,4.433999260222744,88.18950310980328,0.0,3.84164503086659,0.0,0.12032177927816493,0.34686771384485293,0.2915514792329995,0.7583570762534527,105.0,-3.1536140503697,Ice
5.0,1.2,95.0,0.0,1.0,0.0,0.19,0.0,0.0,0.75,109.0,6.85,Rain
-7.7,4.7,73.0,4.0,0.0,0.0,0.0,0.0,0.0,0.82,140.0,-8.15,Snow
-5.1,6.1,85.0,4.0,1.7,1.0,0.0,0.0,0.0,0.82,110.0,-2.5500000000000003,Snow
5.0,5.9,91.0,0.0,2.0,0.0,0.86,0.0,0.0,0.62,112.0,0.5499999999999998,Rain
0.3,3.8,91.0,1.0,0.5,0.0,0.22,0.0,0.0,0.74,112.0,-1.0999999999999999,Rain
-15.8,2.9,48.0,0.0,0.0,0.0,0.0,0.0,0.0,0.82,415.0,-9.75,Normal
-5.3,4.1,90.0,4.0,0.9,16.0,0.24,0.0,0.0,0.73,110.0,-3.15,Snow
6.6,1.2,56.0,0.0,0.0,0.0,0.0,0.0,0.0,0.82,405.0,9.55,Normal
-5.5,1.8,91.0,4.0,0.4,1.0,0.0,0.05,0.24,0.15,110.0,-5.05,Snow
-6.6,4.2,66.0,4.0,0.0,0.0,0.0,0.0,0.0,0.82,112.0,-6.25,Snow
-10.9,4.9,51.0,0.0,0.0,0.0,0.0,0.0,0.0,0.82,112.0,-6.4,Normal
5.4,1.3,98.0,0.0,2.1,0.0,0.14,0.0,0.0,0.78,112.0,-0.5,Rain
-3.8,5.4,95.0,5.0,2.1,11.0,0.0,0.36,0.29,0.17,112.0,-2.0500000000000003,Snow
5.9,1.0,71.0,0.0,0.0,0.0,0.0,0.0,0.0,0.82,438.0,9.2,Normal
-6.3,3.5,91.0,4.0,1.1,1.0,0.0,0.88,0.03,0.37,110.0,-15.45,Snow
-1.3,1.3,97.0,4.0,3.5,0.0,0.1,0.07,0.11,0.69,109.0,-5.449999999999999,Ice
-5.0,6.6,76.0,4.0,0.1,3.0,0.01,0.0,0.0,0.82,110.0,-2.8499999999999996,Snow
-19.3,2.1,28.0,0.0,0.0,0.0,0.0,0.0,0.0,0.82,482.0,-5.949999999999999,Normal
-6.758194222165649,3.7001682791211703,60.38025370207261,0.34784636422089665,0.9861337074411437,0.0,0.16086923978277076,0.06083938026996981,0.07069484187727383,0.40978708918697015,105.0,-6.335111126969879,Ice
-13.130178053756872,2.3743513141237713,85.1458302354492,0.002394869132694266,1.2927116649818968,0.0,0.05149132200647155,0.012492556772411081,0.01605527436396957,0.5085788960144035,105.0,-8.611993740621429,Ice
4.9,6.2,97.0,0.0,1.0,0.0,0.13,0.0,0.0,0.79,110.0,0.5,Rain
-17.4,0.2,44.0,0.0,0.0,0.0,0.0,0.0,0.0,0.82,435.0,-5.9,Normal
-8.9,5.7,65.0,0.0,0.0,0.0,0.0,0.0,0.0,0.82,115.0,-2.4000000000000004,Rain
4.9,4.5,96.0,0.0,3.0,0.0,0.15,0.0,0.0,0.77,112.0,1.4,Rain
5.5,8.1,93.0,0.0,5.2,0.0,0.56,0.0,0.0,0.66,112.0,1.15,Rain
-11.943397014365193,3.075120750278807,94.85667089326007,0.018107599751608028,0.8068827623063826,0.0,0.0,0.4,0.0,0.7169989192746082,188.20904077908355,-10.529254535019936,Ice
-2.6585896186432687,5.900077644902387,100.0,0.5577320037586941,0.0,0.0,0.18125864853148954,0.0621194732716827,0.1074538843622751,0.5200119720455738,229.38226365963902,-9.366975616251548,Ice
-2.9552603717130657,3.312760986218606,100.0,0.5522249375813907,0.6895656173944408,0.0,0.25,0.13728665692866804,0.11134406804999195,0.3759967083922763,105.0,-4.188699113067732,Ice
0.4,2.3,98.0,1.0,4.9,0.0,0.44,0.01,0.04,0.68,110.0,-1.65,Rain
-10.4,1.9,54.0,0.0,0.0,0.0,0.0,0.0,0.0,0.82,415.0,-4.3,Normal
-2.278652764452435,3.1509191480359493,100.0,3.851232643455088,3.558525815610671,0.0,0.035909038981808576,0.004740779056510186,0.028413367000027376,0.6368926449427753,218.2585119308746,-3.5590241679921455,Ice
-6.1,1.2,81.0,4.0,0.1,1.0,0.0,0.0,0.01,0.82,112.0,-2.65,Snow
3.8,1.7,53.0,0.0,0.0,0.0,0.0,0.0,0.0,0.82,415.0,5.25,Normal
-8.3,0.9,89.0,0.0,0.0,0.0,0.0,0.0,0.0,0.82,112.0,-4.2,Normal
-10.2,0.4,77.0,0.0,0.0,0.0,0.0,0.0,0.0,0.82,415.0,-3.8,Normal
-11.0,1.0,48.0,0.0,0.0,0.0,0.0,0.0,0.0,0.82,170.0,-3.0500000000000003,Normal
-2.9,3.1,68.0,0.0,0.0,0.0,0.0,0.0,0.0,0.82,411.0,0.19999999999999996,Normal
4.4,2.9,95.0,1.0,3.6,0.0,0.37,0.0,0.0,0.69,107.0,-2.35,Rain
-4.9,1.6,69.0,0.0,0.1,0.0,0.06,0.0,0.0,0.81,112.0,-1.55,Rain
-3.3,2.9,98.0,4.0,0.7,6.0,0.19,0.13,0.19,0.64,112.0,-1.7000000000000002,Snow
-0.8,4.4,98.0,1.0,1.6,0.0,0.53,0.01,0.02,0.67,110.0,-4.2,Rain
-3.0,6.0,100.0,5.0,2.9,5.0,0.0,0.91,0.04,0.37,237.0,-3.65,Snow
5.0,1.2,98.0,0.0,0.0,0.0,0.01,0.0,0.0,0.82,150.0,8.2,Normal
3.6,0.9,97.0,0.0,0.5,0.0,0.14,0.0,0.0,0.78,110.0,1.3499999999999999,Rain
-8.01318675732523,5.223101832030664,95.01660890378228,0.6303724531877276,0.0,0.0,0.25,0.014754839077324819,0.1344955305549445,0.5199104680538436,148.94838028168851,-2.7716176448218564,Ice
-12.5,0.3,57.0,0.0,0.0,0.0,0.0,0.0,0.0,0.82,435.0,-5.65,Normal
4.7,1.0,97.0,0.0,5.0,0.0,0.54,0.0,0.0,0.66,112.0,0.8,Rain
-3.2,2.5,100.0,5.0,2.9,6.0,0.08,0.21,0.37,0.14,115.0,-1.15,Snow
-3.4,7.2,91.0,4.0,0.5,1.0,0.32,0.01,0.02,0.7,112.0,-1.7,Snow
4.8,5.1,91.0,0.0,0.2,0.0,0.29,0.0,0.0,0.71,112.0,7.3,Rain
-10.0,3.9,58.0,4.0,0.0,0.0,0.0,0.0,0.0,0.82,443.0,-8.6,Rain
1.9,1.2,61.0,0.0,0.0,0.0,0.0,0.0,0.0,0.82,110.0,5.3500000000000005,Rain
-6.892344857608691,0.22820562308235903,84.33771968165698,2.4871941838367313,2.3164395813439342,0.0,0.08901195723277007,0.21833398777169777,0.0,0.3200985101109928,170.17853014835225,-6.619758179277577,Ice
-2.4,1.2,68.0,0.0,0.0,0.0,0.07,0.0,0.0,0.81,109.0,0.55,Rain
-3.2794876359467393,5.099383243978478,71.33564080118998,1.7246022778083088,0.0,0.0,0.0,0.13991948811110752,0.2707234860788888,0.82,105.0,-1.9321914902810948,Ice
-8.7,1.1,59.0,0.0,3.3,0.0,0.0,0.0,0.0,0.82,122.0,-1.9,Normal
-1.1,5.437768057340194,84.05490675221291,1.1888535313523552,1.8602733191309468,0.0,0.22136414284378675,0.3089035764097191,0.27819729427110607,0.7124113540813082,105.0,-6.064103290683357,Ice
0.9,0.4,65.0,0.0,0.0,0.0,0.0,0.0,0.0,0.82,108.0,6.3500000000000005,Rain
-14.7,1.4,68.0,0.0,0.0,0.0,0.0,0.0,0.0,0.82,107.0,-12.8,Normal
-13.8,2.8,50.0,0.0,0.2,0.0,0.0,0.0,0.0,0.82,110.0,-9.05,Snow
-6.5,2.8,76.0,4.0,0.1,1.0,0.0,0.0,0.0,0.82,275.0,-3.05,Snow
-11.7,0.7,47.0,0.0,0.0,0.0,0.0,0.0,0.0,0.82,417.0,-3.2,Normal
4.6,2.1,94.0,0.0,0.0,0.0,0.03,0.0,0.0,0.82,110.0,7.35,Rain
-4.613700192012488,3.305402276740701,97.43524470409103,0.5484296988007893,3.424952904151509,0.0,0.11193712332919259,0.14747237367774071,0.18729900758502557,0.82,127.5197630270837,-5.535672943831907,Ice
7.2,2.3,64.0,0.0,0.0,0.0,0.0,0.0,0.0,0.82,390.0,8.6,Normal
-2.8,1.2,100.0,4.0,1.9,2.0,0.0,0.48,0.11,0.38,112.0,-5.3999999999999995,Snow
-3.7,3.0,97.0,5.0,2.2,17.0,0.0,0.29,0.22,0.21,112.0,-2.2,Snow
-2.5,2.5,100.0,5.0,2.8,6.0,0.0,0.18,0.26,0.15,110.0,-1.25,Snow
-6.6,5.0,71.0,4.0,0.4,0.0,0.08,0.0,0.0,0.81,107.0,-2.9,Snow
0.7,1.5,100.0,1.0,8.7,0.0,0.4,0.0,0.0,0.69,110.0,-2.8,Rain
5.2,1.5,84.0,0.0,0.0,0.0,0.0,0.0,0.0,0.82,110.0,8.5,Rain
5.4,2.7,87.0,0.0,0.0,0.0,0.11,0.0,0.0,0.79,112.0,2.1,Rain
-4.7,2.1,90.0,4.0,0.3,1.0,0.16,0.0,0.0,0.77,110.0,-3.4000000000000004,Snow
-6.298494042749594,7.074808471776386,100.0,1.1135368631556655,1.4463143442070026,0.0,0.12324754938338602,0.4,0.05404845788499361,0.5590178130506204,105.0,-5.282064594621114,Ice
-0.1,0.8,65.0,0.0,0.0,0.0,0.39,0.0,0.0,0.69,110.0,0.6499999999999999,Rain
5.1,0.7,92.0,0.0,0.7,0.0,0.1,0.0,0.0,0.8,112.0,7.85,Rain
-4.3,3.0,95.0,4.0,2.4,4.0,0.0,0.28,0.2,0.23,112.0,-1.95,Snow
4.6,0.6,77.0,0.0,0.0,0.0,0.0,0.0,0.0,0.82,325.0,6.25,Normal
7.7,0.9,60.0,0.0,0.0,0.0,0.0,0.0,0.0,0.82,390.0,9.55,Normal
2.1,1.8,83.0,0.0,0.0,0.0,0.18,0.0,0.0,0.76,110.0,1.9000000000000001,Rain
4.4,5.0,96.0,0.0,0.7,0.0,0.13,0.0,0.0,0.79,115.0,1.4,Rain
-10.2,0.4,56.0,0.0,0.0,0.0,0.0,0.0,0.0,0.82,412.0,-3.8,Normal
-6.06466623761922,2.7424965600505837,74.56503100132535,2.7529576112355145,1.3613697176346584,0.0,0.025719889400771224,0.25022783580812413,0.08353875403539496,0.3030829627227805,105.0,-10.404402575986538,Ice
3.7,2.9,98.0,0.0,2.2,0.0,0.21,0.0,0.0,0.74,112.0,-4.55,Rain
5.0,0.7,86.0,0.0,0.2,0.0,0.03,0.0,0.0,0.82,112.0,7.75,Rain
-2.6,0.7,94.0,0.0,1.8,0.0,0.36,0.0,0.0,0.69,109.0,-6.25,Normal
-3.2,5.8,89.0,4.0,1.5,2.0,0.14,0.0,0.0,0.78,112.0,-0.6000000000000001,Snow
-12.4,2.7,45.0,0.0,0.0,0.0,0.0,0.0,0.0,0.82,420.0,-6.4,Normal
-16.9,0.3,34.0,0.0,0.0,0.0,0.01,0.0,0.0,0.82,422.0,-4.2,Normal
-2.434209607229201,2.694051960863483,71.80831638812633,2.915055065997115,0.0,0.0,0.06378743426066096,0.2866183264481435,0.12110956612067725,0.7979690247779835,178.20295303222434,-4.911389450255919,Ice
5.2,1.0,82.0,0.0,0.0,0.0,0.0,0.0,0.0,0.82,405.0,5.55,Normal
-6.4,2.1,73.0,0.0,0.0,0.0,0.0,0.0,0.0,0.82,414.0,-3.3499999999999996,Normal
-3.8,2.2,99.0,4.0,1.9,4.0,0.0,0.32,0.19,0.25,115.0,-6.65,Snow
-16.9,2.0,30.0,0.0,0.0,0.0,0.01,0.0,0.0,0.82,410.0,-4.1,Normal
-1.1,3.747713762457769,93.72148551386432,1.7967227018858434,0.0,0.0,0.19494990693475356,0.026613801081687302,0.0803736566934761,0.6539992842545138,136.863188411744,-4.270467106011654,Ice
5.8,2.2,99.0,0.0,0.1,0.0,0.1,0.0,0.0,0.8,112.0,1.15,Rain
-8.9,2.0,62.0,0.0,0.0,0.0,0.0,0.0,0.0,0.82,245.0,-3.0500000000000003,Normal
-17.0,1.0,36.0,0.0,0.0,0.0,0.0,0.0,0.0,0.82,402.0,-6.5,Normal
-8.8,2.3,60.0,0.0,0.1,0.0,0.0,0.0,0.0,0.82,425.0,-4.0,Normal
0.7,1.1,100.0,4.0,10.3,6.0,0.47,0.03,0.07,0.67,112.0,-4.3,Rain
2.7,1.5,100.0,1.0,5.5,0.0,0.31,0.0,0.0,0.7,112.0,-1.1500000000000001,Rain
-12.2,2.4,55.0,0.0,0.0,0.0,0.0,0.0,0.0,0.82,420.0,-6.25,Normal
4.6,1.1,96.0,0.0,0.1,0.0,0.12,0.0,0.0,0.79,110.0,-1.2999999999999998,Rain
-8.6,4.4,65.0,0.0,0.0,0.0,0.0,0.0,0.0,0.82,406.0,-5.65,Normal
5.0,5.9,94.0,0.0,2.5,0.0,0.19,0.0,0.0,0.75,112.0,0.09999999999999964,Rain
4.7,2.7,89.0,0.0,0.6,0.0,0.19,0.0,0.0,0.75,112.0,6.7,Rain
-11.870706570856228,1.1635143441727451,70.59903186326687,1.9685745213748365,0.6996056131577754,0.0,0.10573359941280278,0.0,0.34897086026307556,0.13,155.68540878216987,-2.8079345981154002,Ice
-16.3,0.5,35.0,0.0,0.0,0.0,0.0,0.0,0.0,0.82,112.0,-5.15,Normal
-4.3,5.0,95.0,4.0,0.6,10.0,0.15,0.0,0.0,0.77,109.0,-3.3,Snow
4.0,0.4,76.0,0.0,0.0,0.0,0.0,0.0,0.0,0.82,425.0,6.300000000000001,Normal
3.7,0.5,72.0,0.0,0.0,0.0,0.0,0.0,0.0,0.82,146.0,7.1,Rain
-2.7,3.7,93.0,4.0,2.4,5.0,0.18,0.02,0.05,0.76,110.0,-1.1,Snow
5.4,1.2,99.0,0.0,3.6,0.0,0.03,0.0,0.0,0.82,107.0,0.75,Rain
-6.1,2.7,79.0,0.0,0.2,0.0,0.0,0.0,0.0,0.82,417.0,-3.7,Rain
-5.7,2.1,82.0,4.0,2.2,1.0,0.2,0.0,0.0,0.75,112.0,-2.2,Snow
-9.8,5.6,60.0,4.0,0.0,0.0,0.0,0.0,0.0,0.82,445.0,-8.25,Normal
3.5,1.0,96.0,0.0,1.9,0.0,0.03,0.0,0.0,0.82,107.0,6.199999999999999,Rain
-1.1,4.910064485711377,77.56590333038534,0.4234154558683745,2.6460628565594426,0.0,0.07823814390319465,0.1465903267391657,0.06420386417733431,0.82,235.10141278506018,-1.3,Ice
-9.7,4.1,57.0,0.0,0.0,0.0,0.0,0.0,0.0,0.82,410.0,-3.35,Normal
-2.900879172850292,1.2974324689703332,87.99640924666019,0.008652136797766108,6.443392907084049,0.0,0.0,0.019234477879030876,0.2454447483588043,0.6566908605401193,156.7196454359826,-6.082566280012715,Ice
-7.7,3.3,71.0,4.0,0.0,0.0,0.0,0.0,0.0,0.82,409.0,-6.45,Snow
-1.1,1.0054880621319844,68.59735290001781,0.09417467723087869,0.5895814661446463,0.0,0.0,0.11552486036518667,0.0,0.7387983021538675,206.69026329858053,-6.430010801301614,Ice
-3.3579309591716004,0.3943001574800111,98.73812393043387,0.721591606049236,0.0,0.0,0.15304465827771535,0.19863567376538693,0.09788727342053187,0.7491716897911784,192.50932123242728,-6.22342724797614,Ice
4.7,2.4,94.0,0.0,0.0,0.0,0.03,0.0,0.0,0.82,112.0,7.949999999999999,Rain
2.3,0.5,58.0,0.0,0.0,0.0,0.01,0.0,0.0,0.82,122.0,7.45,Rain
-13.9,2.7,39.0,0.0,0.0,0.0,0.0,0.0,0.0,0.82,435.0,-5.300000000000001,Normal
-15.8,0.6,41.0,0.0,0.0,0.0,0.0,0.0,0.0,0.82,422.0,-6.3,Normal
-1.1,3.706749693415348,90.78298935250048,0.0,0.0,0.0,0.0,0.0022342370498486253,0.0,0.82,239.09573943075006,-1.3,Ice
-3.5,3.9,100.0,6.0,2.6,12.0,0.0,0.74,0.05,0.37,402.0,-6.35,Snow
-2.0,4.8,97.0,5.0,3.9,4.0,0.27,0.08,0.18,0.71,110.0,-1.3499999999999999,Snow
-13.3,3.4,43.0,0.0,0.0,0.0,0.0,0.0,0.0,0.82,470.0,-5.6,Normal
2.1,1.8,98.0,1.0,2.1,0.0,0.45,0.0,0.0,0.68,157.0,-0.4500000000000002,Rain
3.5,0.3,92.0,0.0,0.0,0.0,0.02,0.0,0.0,0.82,150.0,8.2,Rain
3.9,2.0,88.0,0.0,0.0,0.0,0.0,0.0,0.0,0.82,400.0,9.65,Normal
4.1,3.1,98.0,0.0,1.9,0.0,0.15,0.0,0.0,0.77,110.0,-1.7000000000000002,Rain
-12.299143810007482,1.9076350982874501,100.0,2.246682721261533,3.4694272620304236,0.0,0.07243841329621846,0.2107674251435988,0.22656742811011127,0.2170550045232384,179.77042787507358,-1.5332344364735606,Ice
-17.6,1.1,35.0,0.0,0.0,0.0,0.0,0.0,0.0,0.82,412.0,-4.05,Normal
-1.1063014161948712,4.814052648268948,74.17315174366097,1.2238377667469165,3.482077181699019,0.0,0.0,0.10680779234184493,0.02513799682037897,0.4492779203955871,105.0,-4.481620632800713,Ice
-13.1,0.2,57.0,0.0,0.3,0.0,0.0,0.0,0.0,0.82,432.0,-4.1,Normal
-0.3,2.6,95.0,1.0,2.4,0.0,0.34,0.05,0.1,0.7,115.0,-2.65,Rain
-8.7,4.0,64.0,4.0,0.0,1.0,0.0,0.0,0.0,0.82,110.0,-4.7,Snow
4.1,2.4,95.0,0.0,5.7,0.0,0.57,0.0,0.0,0.66,112.0,-2.5000000000000004,Rain
6.4,0.7,66.0,0.0,0.0,0.0,0.0,0.0,0.0,0.82,110.0,8.6,Rain
5.0,3.3,99.0,0.0,1.6,0.0,0.09,0.0,0.0,0.8,110.0,-1.1999999999999997,Rain
-1.1,0.5888004972540566,74.4269476168935,2.3952108090421795,1.1002447158822777,0.0,0.04219897626353572,0.09861073280285038,0.16966569013271415,0.82,137.41082929916223,-1.3,Ice
-14.8,4.3,43.0,0.0,0.0,0.0,0.0,0.0,0.0,0.82,435.0,-3.9000000000000004,Normal
-4.6,3.4,78.0,0.0,0.0,0.0,0.03,0.0,0.0,0.82,112.0,-2.5500000000000003,Rain
6.6,2.3,76.0,0.0,0.0,0.0,0.0,0.0,0.0,0.82,406.0,8.85,Normal
-0.7,14.8,97.0,1.0,0.6,0.0,0.85,0.0,0.0,0.63,105.0,-2.5,Rain
-12.9,0.4,51.0,0.0,0.0,0.0,0.0,0.0,0.0,0.82,137.0,-4.1499999999999995,Normal
0.4,3.0,58.0,0.0,0.0,0.0,0.0,0.0,0.0,0.82,112.0,3.1500000000000004,Rain
-14.3,0.1,77.0,0.0,0.0,0.0,0.0,0.0,0.0,0.82,437.0,-5.8,Normal
-5.3,3.8,63.0,0.0,0.0,0.0,0.0,0.0,0.0,0.82,410.0,-0.7,Normal
-4.9,3.9,89.0,4.0,1.8,2.0,0.0,0.28,0.07,0.39,110.0,-2.35,Snow
4.1,1.3,76.0,0.0,0.0,0.0,0.0,0.0,0.0,0.82,410.0,8.15,Normal
1.5,1.9,93.0,1.0,0.2,0.0,0.12,0.0,0.0,0.79,112.0,0.3999999999999999,Rain
-12.5,3.1,45.0,0.0,0.0,0.0,0.0,0.0,0.0,0.82,402.0,-3.95,Normal
5.6,2.0,98.0,0.0,6.1,0.0,0.07,0.0,0.0,0.81,110.0,1.5,Rain
3.8,1.2,91.0,0.0,0.0,0.0,0.01,0.0,0.0,0.82,112.0,8.75,Rain
-7.5,2.8,60.0,0.0,0.0,0.0,0.0,0.0,0.0,0.82,417.0,-2.65,Normal
-2.7,5.1,99.0,5.0,3.2,11.0,0.0,0.46,0.1,0.38,112.0,-2.6,Snow
-5.222951481428319,0.324154089235837,83.12530085541833,1.1165693753387405,1.7438317328321296,0.0,0.1795262702020981,0.22017257440220211,0.20008333824087599,0.39505783775179976,105.0,-8.074904320277387,Ice
2.7,0.8,47.0,0.0,0.0,0.0,0.0,0.0,0.0,0.82,445.0,7.25,Normal
-2.4,2.2,100.0,5.0,3.5,7.0,0.04,0.45,0.17,0.32,387.0,-3.05,Snow
4.6,0.7,94.0,0.0,0.3,0.0,0.0,0.0,0.0,0.82,110.0,8.4,Rain
-14.3,1.6,41.0,0.0,0.0,0.0,0.0,0.0,0.0,0.82,425.0,-3.5,Normal
-2.1,1.8,100.0,4.0,1.4,0.0,0.1,0.07,0.08,0.77,112.0,-2.05,Snow
-3.2,2.4,98.0,4.0,1.6,0.0,0.0,0.25,0.11,0.38,109.0,-6.5,Snow
-3.1,4.2,96.0,5.0,2.5,9.0,0.0,0.61,0.07,0.38,109.0,-3.25,Snow
-2.5,5.8,99.0,4.0,3.1,7.0,0.0,0.62,0.07,0.38,112.0,-1.45,Snow
-2.8,3.1,100.0,6.0,3.1,9.0,0.0,0.28,0.07,0.39,110.0,-3.65,Snow
-8.0,0.8,70.0,0.0,0.0,0.0,0.0,0.0,0.0,0.82,115.0,-4.05,Rain
5.3,4.1,100.0,0.0,0.5,0.0,0.23,0.0,0.0,0.73,112.0,-0.20000000000000018,Rain
-2.6599675478346247,4.07654445961319,97.17025026530588,0.0,3.1483858197561023,0.0,0.0920879571726044,0.10130328972076542,0.23662099947691542,0.35071047642924447,105.0,-1.3,Ice
-3.1,3.3,87.0,1.0,1.5,0.0,0.15,0.0,0.0,0.78,115.0,-1.35,Ice
-5.588244398576625,2.8488591106534606,100.0,1.6315974870009482,1.468574773728316,0.0,0.02932965004131887,0.011279824125057666,0.015819533103682087,0.6621301480259526,106.90338786558834,-3.2086498259773237,Ice
-17.5,2.7,29.0,0.0,1.5,0.0,0.0,0.0,0.0,0.82,112.0,-3.0999999999999996,Rain
-6.1,7.8,77.0,4.0,0.9,0.0,0.05,0.0,0.0,0.82,383.0,-2.75,Snow
-5.56011520554999,2.6721070450302777,79.7869432642996,0.0,2.48117625512005,0.0,0.13284240947559248,0.24437774565089693,0.1745362409571917,0.1989302601254604,230.40138797850958,-3.804089453791649,Ice
-12.6,3.6,43.0,0.0,0.0,0.0,0.0,0.0,0.0,0.82,450.0,-5.55,Normal
-13.8,2.8,35.0,0.0,0.1,0.0,0.0,0.0,0.0,0.82,417.0,-2.75,Normal
-2.3,2.3,94.0,0.0,1.7,0.0,0.27,0.0,0.0,0.72,110.0,-1.2,Rain
-1.1,3.9,96.0,1.0,4.2,0.0,0.8,0.0,0.0,0.63,110.0,-6.65,Snow
-12.3,7.4,47.0,0.0,0.0,0.0,0.0,0.0,0.0,0.82,530.0,-4.3999999999999995,Normal
-9.1,2.1,81.0,0.0,0.0,0.0,0.0,0.0,0.0,0.82,410.0,-4.25,Normal
-3.5,6.1,88.0,4.0,1.0,1.0,0.24,0.0,0.0,0.73,115.0,-1.0,Snow
-1.1,4.333637843406253,100.0,3.5281034683379664,0.8544012767162397,0.0,0.0,0.11488214308536765,0.0,0.7030539218071428,105.0,-2.6517647742362405,Ice
-14.1,0.9,55.0,0.0,0.2,0.0,0.0,0.0,0.0,0.82,240.0,-8.7,Normal
4.6,2.2,83.0,0.0,0.0,0.0,0.0,0.0,0.0,0.82,410.0,6.65,Normal
-1.1,4.405216961343628,76.86193061767828,2.099604700101441,0.0,0.0,0.06835159165289317,0.17731129843368038,0.0,0.7255020016070491,128.6739619746835,-14.15,Ice
-5.0,3.8,89.0,4.0,1.2,2.0,0.05,0.26,0.4,0.12,110.0,-3.4499999999999997,Snow
-9.979682471759098,2.3978793066704176,96.01591163395966,0.4334891547202181,0.2569891841915084,0.0,0.02672622378497081,0.13951548166427555,0.1716472908168743,0.4014224457298847,105.0,-7.202708984524774,Ice
-12.9,0.4,51.0,0.0,0.0,0.0,0.0,0.0,0.0,0.82,137.0,-4.1499999999999995,Normal
-6.2,2.0,71.0,0.0,0.0,0.0,0.0,0.0,0.0,0.82,427.0,-2.5,Normal
-5.868863654940991,4.519873517184233,100.0,0.26497458296337495,0.0,0.0,0.024856114363625496,0.0,0.13546854297821925,0.6066067908182583,105.0,-14.15,Ice
-15.5,0.9,41.0,0.0,0.0,0.0,0.0,0.0,0.0,0.82,405.0,-5.1,Normal
-6.54175840763114,0.1,69.2478846479864,1.0006460078616954,0.5858305192085295,0.0,0.005904321487957706,0.050866525801042305,0.0,0.40416776920442987,134.87368320371556,-2.1263946111688594,Ice
-1.1,3.1313559814359855,86.2851072607842,0.8791173921514167,0.0,0.0,0.041477661931355596,0.0,0.22568072664288652,0.7756074887183182,105.0,-4.391575528872056,Ice
1.2,1.1,100.0,1.0,8.5,0.0,0.43,0.0,0.0,0.68,112.0,-5.05,Rain
-14.9,4.5,39.0,0.0,0.0,0.0,0.0,0.0,0.0,0.82,400.0,-6.550000000000001,Rain
5.7,3.8,89.0,0.0,0.0,0.0,0.03,0.0,0.0,0.82,110.0,2.05,Rain
-6.0,6.1,79.0,4.0,0.2,0.0,0.08,0.0,0.0,0.81,110.0,-2.7,Snow
-9.2,1.1,58.0,0.0,0.4,0.0,0.0,0.0,0.0,0.82,401.0,-2.35,Normal
5.3,1.0,56.0,0.0,0.0,0.0,0.0,0.0,0.0,0.82,409.0,8.75,Normal
-1.6,3.3,99.0,4.0,3.1,5.0,1.13,0.02,0.08,0.59,112.0,-5.95,Snow
-15.2,1.6,43.0,0.0,0.0,0.0,0.0,0.0,0.0,0.82,438.0,-5.75,Normal
-2.1,4.0,98.0,4.0,5.8,2.0,0.27,0.15,0.23,0.67,110.0,-1.75,Snow
3.3,2.3,68.0,0.0,0.0,0.0,0.0,0.0,0.0,0.82,420.0,6.85,Normal
-7.7,3.0,71.0,4.0,0.6,0.0,0.01,0.0,0.0,0.82,112.0,-3.7,Normal
2.3,7.5,94.0,1.0,3.7,0.0,0.78,0.0,0.0,0.63,110.0,-0.25,Rain
-2.6,3.9,90.0,1.0,0.8,0.0,0.2,0.0,0.0,0.75,110.0,-1.3,Ice
-1.1,5.059682945683987,56.75996000431307,0.618363915313026,3.0701709985003705,0.0,0.0,0.22427060419049183,0.11929811539317277,0.13,223.55864237233277,-8.671903740405234,Ice
-15.7,0.9,44.0,0.0,0.0,0.0,0.0,0.0,0.0,0.82,447.0,-6.35,Normal
-5.278508622707867,4.118783783904878,95.16735450969003,0.0,4.825264638073105,0.0,0.20450367885348858,0.002554650191576441,0.012455420412223361,0.13,105.0,-2.354602520820801,Ice
4.4,2.1,86.0,0.0,0.0,0.0,0.0,0.0,0.0,0.82,400.0,9.2,Normal
1.0,2.0,90.0,1.0,0.3,0.0,0.29,0.0,0.0,0.71,112.0,-1.4500000000000002,Rain
-14.2,2.5,47.0,0.0,0.0,0.0,0.0,0.0,0.0,0.82,450.0,-5.55,Normal
-14.0,2.7,44.0,0.0,0.0,0.0,0.0,0.0,0.0,0.82,440.0,-5.300000000000001,Normal
-8.5,0.4,75.0,0.0,0.0,0.0,0.0,0.0,0.0,0.82,387.0,-4.449999999999999,Normal
4.7,3.7,94.0,0.0,0.1,0.0,0.18,0.0,0.0,0.76,110.0,1.65,Rain
-16.2,1.4,31.0,0.0,0.0,0.0,0.0,0.0,0.0,0.82,495.0,-11.25,Normal
-7.7,2.4,66.0,0.0,0.0,0.0,0.0,0.0,0.0,0.82,414.0,-3.8000000000000003,Normal
2.6,0.2,59.0,0.0,0.0,0.0,0.0,0.0,0.0,0.82,135.0,5.85,Normal
-18.0,1.2,27.0,0.0,0.0,0.0,0.0,0.0,0.0,0.82,437.0,-5.6,Normal
-3.9,2.5,99.0,4.0,1.0,4.0,0.0,0.2,0.21,0.21,110.0,-5.0,Snow
-3.3,2.0,88.0,4.0,0.9,0.0,0.13,0.0,0.0,0.79,110.0,-1.65,Snow
-1.1,2.802777909614653,77.35106879491865,1.4148419178152984,1.8048266796552357,0.0,0.25,0.0,0.2538595682441789,0.25868429337960785,244.58256399684825,-7.792392878185254,Ice
-15.4,0.5,45.0,0.0,0.0,0.0,0.0,0.0,0.0,0.82,375.0,-7.45,Rain
-5.1,2.2,93.0,4.0,8.4,1.0,0.0,0.24,0.12,0.36,115.0,-3.3499999999999996,Snow
-3.3,4.2,97.0,5.0,8.3,11.0,0.11,0.11,0.19,0.4,112.0,-1.4500000000000002,Snow
-3.0,6.1,97.0,4.0,0.6,6.0,0.0,0.31,0.14,0.33,112.0,-1.3499999999999999,Snow
-3.2,2.0,97.0,4.0,1.7,5.0,0.93,0.0,0.0,0.61,110.0,-1.55,Snow
5.0,1.0,64.0,0.0,0.0,0.0,0.0,0.0,0.0,0.82,407.0,7.85,Normal
-6.002514508900781,0.1,96.95443674834367,1.7208753711883549,2.2749288405255674,0.0,0.03698512900251031,0.23132776310028352,0.0,0.22212128649137752,166.1186284578578,-8.811040446919298,Ice
2.0,6.4,94.0,1.0,0.2,0.0,0.17,0.0,0.0,0.76,115.0,0.75,Rain
-13.392329219497116,6.028208225933392,97.59236606519839,1.2188423888564606,1.4404137848461793,0.0,0.033674999759277464,0.0198924846624164,0.14930439344560947,0.7165448705563184,149.70299344587272,-2.0150944192722484,Ice
-3.427972363380462,3.6388153731072417,49.0,0.274773163784224,0.9154331075616635,0.0,0.007970509473203491,0.0,0.15551821503146337,0.82,203.83785977173497,-7.353303638000451,Ice
-2.7227120352773952,1.658320208289201,82.79014354924246,0.525632706057191,1.4366046910706618,0.0,0.001020795188765647,0.0,0.14900804215338462,0.33316838011496913,105.0,-5.3605236887832195,Ice
-3.1,6.2,95.0,4.0,0.0,0.0,0.0,0.87,0.08,0.37,112.0,-4.7,Snow
-5.526497757602318,3.212764210104009,100.0,0.0,1.8053652294410827,0.0,0.0,0.3131977767512376,0.38,0.5315919115793557,394.87187548291934,-1.6819294893737524,Ice
5.2,1.4,100.0,0.0,5.1,0.0,0.14,0.0,0.0,0.78,112.0,0.8999999999999999,Rain
0.2,5.5,86.0,1.0,0.3,0.0,0.24,0.0,0.0,0.73,115.0,-1.7500000000000002,Rain
-2.5878507338610444,2.1582023032611035,70.95039598547933,1.395036161955316,3.279100764101002,0.0,0.10658987231293664,0.05586595851735613,0.02484855534160693,0.25339481366593986,123.1468984335585,-8.42631407083449,Ice
2.1,9.4,93.0,1.0,2.0,0.0,0.59,0.0,0.0,0.66,112.0,-0.3500000000000001,Rain
-3.8,3.7,68.0,0.0,0.0,0.0,0.0,0.0,0.0,0.82,397.0,-0.45000000000000007,Normal
-3.3,5.4,96.0,5.0,2.5,11.0,0.0,0.3,0.12,0.36,112.0,-2.0500000000000003,Snow
3.1,0.7,67.0,0.0,0.0,0.0,0.01,0.0,0.0,0.82,109.0,6.5,Rain
-14.2,1.2,37.0,0.0,0.0,0.0,0.0,0.0,0.0,0.82,112.0,-3.9,Normal
4.9,1.7,89.0,0.0,0.1,0.0,0.01,0.0,0.0,0.82,110.0,7.95,Rain
-7.5,3.4,71.0,4.0,0.0,0.0,0.0,0.0,0.0,0.82,112.0,-3.1,Snow
1.5,6.3,95.0,1.0,2.6,0.0,0.25,0.0,0.0,0.73,110.0,-1.25,Rain
-1.1,3.2134000882318525,83.2146503813012,1.682748415444585,0.0,0.0,0.14042645389577424,0.12620938709277718,0.25114948271781246,0.6263777980805202,105.0,-9.803336078350844,Ice
5.4,3.1,100.0,0.0,5.2,0.0,0.19,0.0,0.0,0.75,110.0,-0.75,Rain
-4.2,2.6,99.0,5.0,1.6,8.0,0.0,0.51,0.1,0.38,115.0,-6.6,Snow
-1.9,3.6,100.0,4.0,2.0,1.0,0.19,0.01,0.01,0.75,110.0,-2.5,Snow
2.8,3.6,96.0,1.0,0.2,0.0,0.27,0.0,0.0,0.72,110.0,0.8499999999999999,Rain
-17.1,0.3,37.0,0.0,0.0,0.0,0.0,0.0,0.0,0.82,410.0,-5.85,Normal
-6.7,1.5,74.0,0.0,0.1,0.0,0.01,0.0,0.0,0.82,112.0,-3.4000000000000004,Rain
-19.0,2.2,30.0,0.0,0.0,0.0,0.0,0.0,0.0,0.82,414.0,-15.9,Normal
3.9,2.1,62.0,0.0,0.0,0.0,0.0,0.0,0.0,0.82,404.0,6.45,Normal
-10.359246895503272,5.061619270932338,100.0,1.276779436846663,0.3804548911320371,0.0,0.08413800846949768,0.2295610609860566,0.12403045308423685,0.82,105.0,-7.241966728378493,Ice
5.4,5.9,93.0,0.0,3.6,0.0,0.44,0.0,0.0,0.68,437.0,1.6500000000000001,Rain
-7.8,1.2,79.0,4.0,0.3,0.0,0.02,0.0,0.0,0.82,112.0,-7.05,Snow
-1.5,0.6,100.0,4.0,6.0,0.0,0.0,0.61,0.09,0.38,130.0,-6.1,Snow
4.2,3.0,86.0,0.0,0.0,0.0,0.0,0.0,0.0,0.82,405.0,10.0,Normal
-2.9,2.1,64.0,0.0,0.2,0.0,0.0,0.0,0.0,0.82,409.0,0.09999999999999987,Normal
-9.7,2.0,59.0,4.0,0.0,0.0,0.0,0.0,0.0,0.82,427.0,-8.200000000000001,Snow
-14.7,1.4,52.0,0.0,0.0,0.0,0.0,0.0,0.0,0.82,447.0,-10.049999999999999,Normal
-3.0,3.9,87.0,1.0,4.4,0.0,0.12,0.0,0.0,0.79,110.0,-1.5999999999999999,Rain
3.2,2.5,100.0,1.0,8.4,0.0,0.37,0.01,0.03,0.69,112.0,-3.6999999999999997,Rain
-1.2,6.0,93.0,1.0,1.0,0.0,0.79,0.0,0.0,0.63,112.0,-4.7,Rain
-12.7,0.6,69.0,0.0,0.0,0.0,0.0,0.0,0.0,0.82,470.0,-10.1,Normal
-5.6,5.7,72.0,4.0,0.1,0.0,0.0,0.0,0.0,0.82,115.0,-2.1500000000000004,Snow
-11.8,4.4,49.0,0.0,0.2,0.0,0.0,0.0,0.0,0.82,425.0,-8.549999999999999,Normal
-18.2,0.8,38.0,0.0,1.8,0.0,0.0,0.0,0.0,0.82,110.0,-5.300000000000001,Normal
-3.0,4.1,93.0,4.0,1.3,2.0,0.12,0.0,0.0,0.79,110.0,-0.8,Snow
-14.2,1.8,38.0,0.0,0.0,0.0,0.0,0.0,0.0,0.82,422.0,-3.5,Normal
-1.1,3.304520733063005,85.83349146034078,0.9235773691240337,0.9669662597238409,0.0,0.07992700702420831,0.057367572517640755,0.0,0.4814790891043079,243.4998798257839,-1.3,Ice
-16.6,1.3,30.0,0.0,0.0,0.0,0.0,0.0,0.0,0.82,415.0,-3.0,Normal
-0.9,2.6,80.0,0.0,0.0,0.0,0.0,0.0,0.0,0.82,110.0,-0.5,Normal
-3.8,3.4,91.0,4.0,2.8,7.0,0.07,0.07,0.17,0.38,112.0,-1.8499999999999999,Snow
-8.7,1.2,59.0,0.0,0.0,0.0,0.0,0.0,0.0,0.82,580.0,-2.75,Normal
-6.5,1.1,66.0,0.0,0.0,0.0,0.0,0.0,0.0,0.82,442.0,-2.5500000000000003,Normal
5.2,3.3,86.0,0.0,0.0,0.0,0.01,0.0,0.0,0.82,112.0,8.55,Normal
-7.399101662390558,3.9613052040637653,100.0,1.7885107020367,0.9018698989943403,0.0,0.04677913706126381,0.0,0.0,0.13,184.25813124873076,-2.035352020433962,Ice
-5.6,3.4,71.0,4.0,0.0,0.0,0.0,0.0,0.0,0.82,503.0,-1.5499999999999998,Snow
-1.1,1.6223646135369174,78.36925658558387,0.0,3.1764040362833694,0.0,0.06865935257459027,0.0,0.0,0.29977473740221317,185.76489192489146,-1.4767410502187892,Ice
-1.8,1.4,94.0,0.0,1.0,0.0,0.0,0.38,0.38,0.13,110.0,-3.5,Ice
-15.2,0.4,44.0,0.0,0.0,0.0,0.0,0.0,0.0,0.82,430.0,-6.15,Normal
-6.2,4.3,71.0,0.0,0.0,0.0,0.0,0.0,0.0,0.82,415.0,-2.4499999999999997,Normal
2.4,2.8,95.0,1.0,0.4,0.0,0.3,0.0,0.0,0.71,112.0,0.34999999999999987,Rain
-12.5,0.8,44.0,0.0,0.0,0.0,0.0,0.0,0.0,0.82,432.0,-3.55,Normal
-2.2,0.7,68.0,0.0,0.3,0.0,0.0,0.0,0.0,0.82,420.0,0.09999999999999987,Normal
-4.9,4.8,91.0,4.0,2.2,4.0,0.34,0.0,0.0,0.7,115.0,-1.8,Snow
-4.8,2.9,91.0,4.0,0.4,7.0,0.38,0.02,0.06,0.69,110.0,-3.05,Snow
-15.9,5.8,38.0,0.0,0.0,0.0,0.0,0.0,0.0,0.82,443.0,-3.9,Normal
-10.970527254699789,3.340920251931538,69.76643426448449,0.671673762392059,2.295464226364002,0.0,0.0,0.1291222170497579,0.28460946862573344,0.43974381039057575,105.0,-1.3,Ice
-4.080965591097165,1.6837370278259627,77.9237301992982,2.537596952835094,0.0,0.0,0.0,0.23188482835427693,0.06296878717413704,0.5099181291419653,259.0026146053724,-11.246526320767252,Ice
-3.3,1.6,69.0,0.0,0.0,0.0,0.0,0.0,0.0,0.82,400.0,-0.3500000000000001,Normal
-11.920337145818467,3.077853343503126,75.37526135002047,1.6058921013622414,2.831546370514374,0.0,0.04365561990418375,0.23828488850758617,0.12189808471970641,0.5689515943647767,152.83779484521767,-5.454206298734036,Ice
4.9,3.9,100.0,0.0,0.5,0.0,0.23,0.0,0.0,0.73,112.0,-0.20000000000000018,Rain
-15.4,0.9,38.0,0.0,0.0,0.0,0.0,0.0,0.0,0.82,110.0,-4.35,Rain
-1.5,4.1,97.0,4.0,9.8,1.0,0.24,0.0,0.01,0.73,112.0,-1.8499999999999999,Snow
-13.043794365586393,1.1543866713161177,77.4199741473697,0.6747232833012601,1.656098006472076,0.0,0.05729701459588709,0.06946922862342142,0.1150393333078418,0.8073195353813656,106.38386070330336,-4.530423927511587,Ice
-8.58141601672911,3.017708157050255,100.0,1.2837212167763075,2.2819840500568764,0.0,0.0,0.07021442302105199,0.06193181678562944,0.7385274516579379,165.03728252294076,-7.746691845634442,Ice
4.7,2.4,98.0,0.0,1.9,0.0,0.15,0.0,0.0,0.78,110.0,-1.4000000000000004,Rain
-7.9,1.0,72.0,0.0,0.0,0.0,0.0,0.0,0.0,0.82,437.0,-3.35,Normal
-1.1,1.144527574502024,77.17543798735882,3.2395714897096335,1.905120538818131,0.0,0.08909335635323734,0.10444220599802441,0.0,0.30211604362044814,177.8409246482043,-1.3,Ice
-10.8,3.9,47.0,0.0,0.0,0.0,0.0,0.0,0.0,0.82,405.0,-3.6999999999999997,Rain
-15.3,4.6,38.0,0.0,0.0,0.0,0.0,0.0,0.0,0.82,482.0,-7.35,Normal
-3.3,2.5,65.0,0.0,0.0,0.0,0.0,0.0,0.0,0.82,397.0,0.0,Normal
-5.3,5.3,87.0,4.0,0.7,0.0,0.0,0.27,0.21,0.22,112.0,-4.1,Snow
-7.8,2.5,69.0,4.0,0.1,0.0,0.0,0.0,0.0,0.82,410.0,-3.05,Rain
-15.1,0.8,37.0,0.0,0.0,0.0,0.0,0.0,0.0,0.82,460.0,-5.1000000000000005,Normal
-7.5,3.6,59.0,0.0,0.0,0.0,0.0,0.0,0.0,0.82,112.0,-2.5,Rain
-4.550879796906143,3.296307350153299,76.11870563668138,1.7405356648175525,4.804499681057548,0.0,0.18559573162315646,0.0,0.11380468474524659,0.13,279.29911393261534,-7.216317880555585,Ice
-2.1,1.9,67.0,0.0,0.0,0.0,0.0,0.0,0.0,0.82,415.0,0.7,Normal
-5.4,7.3,79.0,4.0,0.2,0.0,0.25,0.0,0.0,0.72,110.0,-1.7999999999999998,Snow
-11.6,3.5,56.0,0.0,0.0,0.0,0.0,0.0,0.0,0.82,437.0,-4.3500000000000005,Normal
5.2,4.4,90.0,0.0,0.0,0.0,0.06,0.0,0.0,0.81,112.0,0.19999999999999973,Rain
-3.7,7.2,85.0,1.0,1.0,0.0,0.25,0.0,0.0,0.72,112.0,-1.8,Ice
2.4,2.2,94.0,0.0,3.6,0.0,0.05,0.0,0.0,0.82,110.0,5.5,Rain
5.5,3.7,98.0,0.0,0.5,0.0,0.04,0.0,0.0,0.82,112.0,-1.25,Rain
-6.9,1.4,50.0,0.0,0.1,0.0,0.0,0.0,0.0,0.82,430.0,-0.19999999999999996,Normal
-16.5,0.7,42.0,0.0,0.4,0.0,0.0,0.0,0.0,0.82,110.0,-4.7,Normal
-28.3,0.7,75.0,0.0,0.0,0.0,0.0,0.0,0.0,0.82,430.0,-20.4,Normal
-2.3,1.4,99.0,5.0,1.9,20.0,0.0,1.15,0.05,0.37,112.0,-5.7,Snow
0.8,0.4,100.0,0.0,0.8,0.0,0.22,0.0,0.0,0.74,109.0,-0.5999999999999999,Rain
1.9,2.3,98.0,1.0,7.2,0.0,0.27,0.0,0.0,0.72,112.0,-4.9,Rain
-15.9,1.6,40.0,0.0,0.0,0.0,0.0,0.0,0.0,0.82,407.0,-4.95,Normal
-1.1,3.3201764018513487,99.15322876119541,0.967288608618714,1.9864823795605364,0.0,0.18207292280694282,0.22041340854683716,0.06157009351491463,0.5959158336549337,210.72446949015443,-4.672355213202023,Ice
6.3,2.3,56.0,0.0,0.0,0.0,0.0,0.0,0.0,0.82,392.0,10.3,Normal
-1.7,3.8,80.0,1.0,0.0,0.0,0.03,0.0,0.0,0.82,115.0,-2.4499999999999997,Rain
-7.9,3.8,68.0,4.0,0.8,0.0,0.0,0.0,0.0,0.82,437.0,-3.1,Snow
-5.1,6.6,86.0,4.0,1.6,1.0,0.23,0.49,0.13,0.5,110.0,-1.4000000000000001,Snow
-6.302130235306036,0.46333020726753693,64.46418901346864,0.8010572623617491,4.731528535494713,0.0,0.0,0.14697552233479194,0.003077549068737445,0.7662988070781941,105.0,-14.15,Ice
-17.3,0.8,42.0,0.0,0.0,0.0,0.0,0.0,0.0,0.82,422.0,-10.25,Normal
4.8,1.8,96.0,0.0,2.1,0.0,0.15,0.0,0.0,0.77,110.0,1.45,Rain
1.5,0.7,95.0,1.0,0.2,0.0,0.12,0.0,0.0,0.79,110.0,0.7,Rain
-5.545377508267155,7.061384996077129,77.21454019602677,1.183288887975865,0.0,0.0,0.054965858735688156,0.0,0.0,0.47340248305910254,105.0,-14.15,Ice
-9.80062148594973,0.1892191035024089,86.7431897303708,0.0,0.0,0.0,0.0,0.12392817170270168,0.04105900423964659,0.48618223866362437,250.31369800762434,-1.3,Ice
-9.3,0.8,58.0,0.0,0.0,0.0,0.0,0.0,0.0,0.82,417.0,-3.7,Normal
5.0,2.1,98.0,0.0,0.7,0.0,0.25,0.0,0.0,0.72,110.0,1.65,Rain
5.6,2.9,95.0,0.0,5.8,0.0,0.37,0.0,0.0,0.69,112.0,0.10000000000000009,Rain
-2.7,2.3,100.0,6.0,2.0,5.0,0.0,0.99,0.05,0.37,110.0,-3.5,Snow
-10.5,4.9,55.0,0.0,0.0,0.0,0.0,0.0,0.0,0.82,420.0,-7.949999999999999,Normal
-1.995897077663901,3.650202003004906,77.77259926994593,0.27693936910021977,0.48932410892111644,0.0,0.08512288246914093,0.24072199120202564,0.15029318740382144,0.7426971098188516,205.77471117079608,-7.736217416687564,Ice
3.2,0.3,79.0,0.0,0.0,0.0,0.0,0.0,0.0,0.82,411.0,6.800000000000001,Normal
-5.7,3.7,86.0,4.0,0.9,9.0,0.13,0.01,0.01,0.78,112.0,-3.3,Snow
7.7,1.4,83.0,0.0,0.0,0.0,0.0,0.0,0.0,0.82,395.0,9.850000000000001,Rain
-4.6,2.8,95.0,5.0,0.4,4.0,0.0,0.23,0.1,0.41,112.0,-3.4,Snow
-2.6,2.4,78.0,0.0,0.0,0.0,0.08,0.0,0.0,0.81,427.0,-1.05,Rain
-5.5,4.4,87.0,4.0,0.7,0.0,0.0,0.17,0.15,0.31,117.0,-2.5500000000000003,Snow
-4.8,4.3,89.0,4.0,1.5,2.0,0.0,0.34,0.15,0.33,487.0,-2.15,Snow
-9.2,2.6,62.0,0.0,0.0,0.0,0.0,0.0,0.0,0.82,410.0,-3.95,Normal
-2.0,4.6,99.0,4.0,3.1,1.0,0.05,0.13,0.18,0.26,112.0,-2.35,Snow
-3.2,3.8,97.0,5.0,2.5,11.0,0.0,0.8,0.07,0.37,112.0,-4.3,Snow
-4.3,2.9,93.0,4.0,5.2,2.0,0.46,0.02,0.05,0.67,115.0,-2.5500000000000003,Snow
-6.751680239564722,5.5394825513850945,83.03476870913626,2.75558725444541,2.466414558958103,0.0,0.11101485780782852,0.25341094920910223,0.11947339528813104,0.34255955680377115,165.57418702582743,-1.3,Ice
-3.2,3.8,98.0,5.0,2.8,14.0,0.0,1.3,0.02,0.36,110.0,-1.75,Snow
-8.9,4.5,61.0,4.0,0.0,0.0,0.0,0.0,0.0,0.82,420.0,-3.1,Snow
-12.3,1.9,44.0,0.0,0.0,0.0,0.0,0.0,0.0,0.82,400.0,-6.25,Normal
3.5,1.7,52.0,0.0,0.0,0.0,0.01,0.0,0.0,0.82,112.0,8.450000000000001,Rain
-17.1,2.2,37.0,0.0,0.0,0.0,0.0,0.0,0.0,0.82,437.0,-6.25,Normal
-5.5,4.3,72.0,4.0,0.1,1.0,0.0,0.0,0.0,0.82,107.0,-2.3000000000000003,Snow
-18.6,2.0,34.0,0.0,0.0,0.0,0.0,0.0,0.0,0.82,415.0,-6.5,Normal
-16.4,0.7,32.0,0.0,0.0,0.0,0.0,0.0,0.0,0.82,110.0,-4.35,Rain
2.4,1.6,100.0,1.0,5.1,0.0,0.85,0.0,0.0,0.63,112.0,-5.1499999999999995,Rain
4.0,1.3,96.0,0.0,0.5,0.0,0.14,0.0,0.0,0.78,110.0,1.3499999999999999,Rain
-12.9,1.5,40.0,0.0,0.0,0.0,0.0,0.0,0.0,0.82,430.0,-2.9,Normal
-5.990382531540462,4.163974791110487,100.0,0.8445083846079806,0.0,0.0,0.011035533791217939,0.15787817045575955,0.3201514572920081,0.4730031336450867,129.60139233035798,-14.15,Ice
-17.3,0.6,37.0,0.0,0.0,0.0,0.0,0.0,0.0,0.82,417.0,-6.8,Normal
-2.696731072369852,4.82446049916555,85.2220479098021,1.0057458102244732,0.3770367693486989,0.0,0.006039907380482781,0.23987445925734985,0.13091248462495345,0.7946625473597063,105.0,-7.5884069030368,Ice
-6.444607333496691,0.2566661349511379,97.10773203984647,0.1462676736967411,1.4690354955903087,0.0,0.11559069616443313,0.0,0.12208052663940713,0.5605536235128793,189.39520836718285,-9.397348377550466,Ice
5.8,0.9,100.0,0.0,9.8,0.0,0.16,0.0,0.0,0.77,112.0,1.3000000000000003,Rain
-3.2,3.9,98.0,6.0,6.8,29.0,0.0,0.3,0.24,0.2,112.0,-1.4500000000000002,Snow
4.8,1.1,96.0,0.0,0.2,0.0,0.13,0.0,0.0,0.78,110.0,1.95,Rain
-3.9,3.2,93.0,5.0,1.8,4.0,0.54,0.02,0.07,0.66,145.0,-1.55,Snow
-5.7,2.7,87.0,4.0,0.3,0.0,0.0,0.13,0.16,0.27,112.0,-2.0,Snow
-5.616070829360263,0.2299267821260531,90.49863654747388,0.9381879537009747,1.2444961433033095,0.0,0.11141533436391007,0.018232803746531565,0.21590670605964013,0.32373405582817416,105.0,-1.3,Ice
5.6,0.7,91.0,0.0,0.0,0.0,0.0,0.0,0.0,0.82,110.0,9.55,Rain
-3.6,3.0,95.0,4.0,2.9,4.0,0.4,0.1,0.13,0.68,112.0,-3.45,Snow
-15.6,5.4,40.0,0.0,0.0,0.0,0.0,0.0,0.0,0.82,435.0,-4.1,Normal
-6.3,6.2,79.0,4.0,0.2,1.0,0.06,0.0,0.0,0.81,112.0,-2.95,Snow
-3.8,2.2,94.0,4.0,2.3,2.0,0.0,0.34,0.18,0.28,110.0,-3.15,Snow
-3.1,6.2,97.0,4.0,0.8,3.0,0.0,0.48,0.15,0.34,110.0,-4.7,Snow
0.6,4.2,89.0,1.0,0.3,0.0,0.33,0.0,0.0,0.7,115.0,-1.0500000000000003,Rain
2.8,0.2,78.0,0.0,0.0,0.0,0.0,0.0,0.0,0.82,420.0,6.25,Normal
4.1,2.4,98.0,0.0,0.7,0.0,0.11,0.0,0.0,0.8,107.0,1.6,Rain
6.2,1.3,64.0,0.0,0.0,0.0,0.0,0.0,0.0,0.82,412.0,9.75,Normal
-7.1,7.3,74.0,4.0,0.0,0.0,0.0,0.0,0.0,0.82,452.0,-3.1,Snow
-4.1,1.6,96.0,5.0,2.9,8.0,0.0,0.5,0.11,0.38,110.0,-3.5,Snow
-7.989158724183206,6.479745876110727,66.58020322640868,0.0,0.6588764619200288,0.0,0.17088061882446426,0.3399592519313892,0.1377224556987373,0.6793813588374168,105.0,-5.446646059884107,Ice
4.9,1.8,95.0,0.0,0.1,0.0,0.1,0.0,0.0,0.8,115.0,2.0,Rain
-16.1,2.1,43.0,0.0,0.0,0.0,0.0,0.0,0.0,0.82,412.0,-6.6,Rain
5.2,3.6,91.0,0.0,0.0,0.0,0.3,0.0,0.0,0.71,112.0,1.5,Rain
-11.6,5.6,53.0,0.0,0.0,0.0,0.07,0.0,0.0,0.81,107.0,-10.85,Normal
-7.8,2.0,73.0,4.0,0.1,2.0,0.0,0.0,0.0,0.82,110.0,-6.6499999999999995,Snow
-18.3,3.2,28.0,0.0,0.0,0.0,0.0,0.0,0.0,0.82,425.0,-9.399999999999999,Normal
4.3,1.2,98.0,0.0,0.2,0.0,0.08,0.0,0.0,0.81,112.0,1.7500000000000002,Rain
6.2,7.4,96.0,0.0,3.6,0.0,0.2,0.0,0.0,0.75,112.0,1.1,Rain
-3.5,2.7,99.0,5.0,1.0,3.0,0.0,0.42,0.13,0.36,112.0,-2.35,Snow
-2.9,2.0,100.0,4.0,0.3,2.0,0.0,0.14,0.12,0.38,112.0,-1.65,Snow
8.1,1.1,72.0,0.0,0.0,0.0,0.0,0.0,0.0,0.82,420.0,8.8,Normal
-18.6,0.2,34.0,0.0,0.0,0.0,0.0,0.0,0.0,0.82,405.0,-5.9,Normal
-11.101275608518929,6.632390914257444,100.0,0.5935637663503135,2.4091544451987312,0.0,0.016457760941452834,0.07476080770845946,0.09970463123025308,0.5815069386085343,183.62682177801463,-9.16405714676285,Ice
-1.5,1.7,100.0,4.0,6.6,2.0,0.28,0.0,0.01,0.71,110.0,-2.45,Snow
0.2,3.0,99.0,2.0,3.9,0.0,0.97,0.02,0.08,0.61,112.0,-6.1,Snow
-6.838313286069921,0.2548482166776247,84.33448744762057,0.0,1.1008905312233719,0.0,0.02323480527681105,0.20788561087487578,0.0,0.82,191.14545746355822,-2.549622265801767,Ice
-4.6,1.1,69.0,0.0,0.0,0.0,0.01,0.0,0.0,0.82,112.0,-1.2999999999999998,Rain
-3.1,4.0,89.0,4.0,2.5,9.0,0.29,0.0,0.0,0.71,112.0,-1.2000000000000002,Snow
3.2,1.6,62.0,0.0,0.0,0.0,0.0,0.0,0.0,0.82,450.0,7.45,Normal
-5.1,2.0,90.0,4.0,0.7,0.0,0.0,0.16,0.15,0.3,107.0,-2.5,Snow
0.0,2.5,100.0,4.0,1.7,9.0,2.86,0.0,0.0,0.32,110.0,-3.3999999999999995,Rain
-8.8,2.8,60.0,0.0,0.0,0.0,0.0,0.0,0.0,0.82,405.0,-3.5,Normal
4.3,6.6,87.0,0.0,6.8,0.0,0.48,0.0,0.0,0.67,110.0,1.5,Rain
3.7,3.0,99.0,0.0,4.3,0.0,0.0,0.0,0.0,0.82,115.0,-3.6000000000000005,Rain
-5.3,3.2,89.0,4.0,0.4,2.0,0.21,0.0,0.0,0.74,112.0,-3.55,Snow
2.7,0.3,100.0,0.0,1.8,0.0,0.29,0.0,0.0,0.71,112.0,6.95,Rain
-17.3,1.6,32.0,0.0,0.0,0.0,0.0,0.0,0.0,0.82,133.0,-4.6,Normal
-19.6,2.0,26.0,0.0,0.0,0.0,0.0,0.0,0.0,0.82,633.0,-13.6,Normal
-25.0,1.3,70.0,0.0,0.0,0.0,0.0,0.0,0.0,0.82,110.0,-17.55,Snow
4.9,4.2,99.0,0.0,3.5,0.0,0.41,0.0,0.0,0.68,110.0,-3.6999999999999997,Rain
0.6,0.5,100.0,1.0,2.8,0.0,0.33,0.0,0.0,0.7,110.0,-2.6999999999999997,Rain
-4.8,3.9,92.0,4.0,1.5,20.0,0.0,0.66,0.04,0.38,110.0,-1.95,Snow
-2.4,4.1,97.0,4.0,0.6,3.0,0.0,0.14,0.27,0.15,110.0,-0.75,Snow
-4.5,3.3,89.0,4.0,3.1,3.0,0.0,0.17,0.29,0.14,112.0,-2.6,Snow
-3.6,7.2,91.0,4.0,1.9,5.0,0.0,0.2,0.24,0.17,110.0,-1.25,Snow
3.7,6.9,82.0,0.0,11.1,0.0,0.18,0.0,0.0,0.76,110.0,1.0500000000000003,Rain
-8.8,5.6,62.0,0.0,0.0,0.0,0.0,0.0,0.0,0.82,405.0,-4.5,Normal
3.7,1.3,100.0,0.0,0.9,0.0,0.42,0.0,0.0,0.68,112.0,-4.449999999999999,Rain
3.7,0.7,100.0,0.0,5.3,0.0,0.22,0.0,0.0,0.74,110.0,6.2,Rain
-16.9,2.8,33.0,0.0,0.0,0.0,0.0,0.0,0.0,0.82,435.0,-7.05,Normal
-6.406447460979217,0.1,89.49635418503455,0.0,1.2757761566918746,0.0,0.1300306708949925,0.22374814093436296,0.058318414894810475,0.8103951376288482,197.29484377680225,-7.823588911662714,Ice
4.0,2.3,100.0,1.0,8.5,0.0,0.18,0.0,0.0,0.76,110.0,-2.75,Rain
-2.0,1.0,66.0,0.0,0.0,0.0,0.08,0.0,0.0,0.81,112.0,0.8500000000000001,Rain
3.6,1.4,61.0,0.0,0.0,0.0,0.0,0.0,0.0,0.82,390.0,5.2,Normal
5.7,5.2,92.0,0.0,0.0,0.0,0.04,0.0,0.0,0.82,110.0,1.0500000000000003,Rain
4.4,1.7,98.0,0.0,6.6,0.0,0.36,0.0,0.0,0.69,110.0,-2.4499999999999997,Rain
-2.3578599931701216,1.9166958163601766,65.99208711987308,1.9157940136214822,1.0469522621440452,0.0,0.13686062025054926,0.0,0.22351681174958826,0.3657865636509164,275.78357992244867,-9.731529298075625,Ice
-5.1,3.9,91.0,4.0,0.3,0.0,0.0,0.26,0.22,0.2,112.0,-3.15,Snow
-5.426311143469788,3.744376736167863,96.18183148367676,0.9569172140322635,3.2960629298253536,0.0,0.105577138226058,0.3770528163463205,0.16763930642544667,0.82,206.76640829860492,-5.701600836997433,Ice
4.1,0.9,95.0,0.0,0.0,0.0,0.0,0.0,0.0,0.82,110.0,6.199999999999999,Rain
-5.3,5.0,86.0,4.0,1.5,2.0,0.23,0.0,0.0,0.73,112.0,-2.25,Snow
6.8,0.4,81.0,0.0,0.0,0.0,0.01,0.0,0.0,0.82,140.0,9.45,Rain
6.6,2.2,57.0,0.0,0.0,0.0,0.0,0.0,0.0,0.82,390.0,10.15,Normal
-7.0,4.8,75.0,4.0,0.6,0.0,0.0,0.07,0.08,0.51,430.0,-3.35,Snow
-6.3,6.2,78.0,4.0,0.8,1.0,0.14,0.0,0.0,0.78,112.0,-2.75,Snow
-7.7,3.3,71.0,4.0,0.0,0.0,0.0,0.0,0.0,0.82,411.0,-4.75,Snow
-6.8290478858576,5.76156097760964,89.05376187190521,0.0,2.5743859993653393,0.0,0.125270454155124,0.4,0.19242694202587635,0.82,188.2803725883607,-3.28794907402626,Ice
1.2,5.9,91.0,1.0,0.2,0.0,0.24,0.0,0.0,0.73,110.0,-0.8999999999999999,Rain
-4.2,3.2,86.0,4.0,6.5,3.0,0.28,0.0,0.0,0.72,112.0,-1.1,Rain
-3.3,4.3,100.0,5.0,4.1,16.0,0.0,0.21,0.1,0.42,110.0,-3.1500000000000004,Snow
-3.8,2.3,97.0,4.0,0.8,3.0,0.03,0.1,0.12,0.37,112.0,-4.6,Snow
-1.1,2.3411561527198077,97.05668557069552,3.509833409261872,3.2611379789131254,0.0,0.0,0.20536614984176124,0.11877833697387033,0.13,179.38983187233498,-6.992387396358398,Ice
5.4,4.4,96.0,0.0,4.0,0.0,0.46,0.0,0.0,0.68,112.0,-2.1500000000000004,Rain
-6.7,2.7,69.0,0.0,0.0,0.0,0.0,0.0,0.0,0.82,177.0,-3.25,Normal
-7.1,5.9,73.0,4.0,0.1,0.0,0.0,0.0,0.0,0.82,117.0,-2.75,Snow
-20.4,0.3,34.0,0.0,0.0,0.0,0.0,0.0,0.0,0.82,503.0,-9.75,Normal
-5.2,2.7,68.0,0.0,0.0,0.0,0.0,0.0,0.0,0.82,392.0,-2.0500000000000003,Rain
-5.667625388022374,7.2,100.0,0.21167024340558904,0.9859924515745385,0.0,0.03935743246320406,0.0,0.0,0.4542368214784577,189.58272905622349,-2.0613748692442933,Ice
-13.7,1.0,66.0,0.0,0.0,0.0,0.0,0.0,0.0,0.82,415.0,-10.95,Normal
-12.41242047601505,7.2,93.01811528166152,2.451189380159727,5.261108537094249,0.0,0.031074578959335124,0.16317305450314945,0.0,0.4136004209992882,159.65012244816077,-5.727880089779766,Ice
-15.6,2.7,33.0,0.0,0.0,0.0,0.0,0.0,0.0,0.82,442.0,-5.75,Normal
-7.9,1.4,63.0,0.0,3.3,0.0,0.0,0.0,0.0,0.82,122.0,-1.9,Normal
-8.8,2.6,58.0,0.0,0.1,0.0,0.0,0.0,0.0,0.82,475.0,-3.25,Normal
1.3,0.4,97.0,0.0,0.4,0.0,0.0,0.0,0.0,0.82,110.0,4.2,Rain
3.8,1.4,77.0,0.0,0.0,0.0,0.0,0.0,0.0,0.82,404.0,6.1000000000000005,Normal
-2.9,5.5,96.0,4.0,2.4,5.0,0.0,0.42,0.14,0.34,110.0,-3.3,Snow
5.2,6.4,99.0,0.0,1.8,0.0,0.14,0.0,0.0,0.78,112.0,-0.8500000000000001,Rain
-3.536607360116699,5.8974810017831025,90.45298413692473,2.005536218029238,0.0,0.0,0.14236076742279075,0.2487312980711981,0.14155788402047886,0.82,184.84756548843404,-1.3,Ice
-1.1,5.753645995906574,76.41081260360967,4.0,1.3767261483486921,0.0,0.0,0.2935306049281096,0.09625802573138707,0.22748259074845312,105.0,-1.3,Ice
-2.9,2.5,98.0,5.0,3.2,9.0,0.0,0.62,0.09,0.38,112.0,-3.1999999999999997,Snow
-15.4,0.4,75.0,0.0,0.0,0.0,0.0,0.0,0.0,0.82,410.0,-6.8,Normal
1.4,1.4,93.0,1.0,0.8,0.0,0.18,0.0,0.0,0.76,110.0,-0.44999999999999996,Rain
-10.922422409250533,5.798505482072439,69.25794203227437,0.2774229900327091,0.0,0.0,0.052759880404040116,0.0,0.0331063270897962,0.82,105.0,-1.514901959132454,Ice
-2.496821598643129,2.0295594458425366,95.10293758904156,2.4986277838114823,3.928804686837048,0.0,0.23723180780966302,0.12811613646615666,0.17332269652655513,0.4786642710298342,181.9691644089256,-1.3,Ice
-14.1,0.9,47.0,0.0,0.0,0.0,0.0,0.0,0.0,0.82,445.0,-7.6,Normal
-5.670241211677909,3.2756469966770156,98.97644352193751,0.025903236633411764,2.4526729780354426,0.0,0.0,0.14214587199761922,0.0,0.82,178.1429341157956,-5.9000955364826835,Ice
-12.3,1.0,50.0,0.0,0.0,0.0,0.0,0.0,0.0,0.82,425.0,-6.1,Normal
-15.1,0.7,35.0,0.0,0.0,0.0,0.0,0.0,0.0,0.82,435.0,-3.6500000000000004,Normal
4.9,3.3,98.0,0.0,6.6,0.0,0.32,0.0,0.0,0.7,112.0,0.20000000000000018,Rain
-1.1,0.1,94.73925398847014,0.5255073209529969,0.848300374263841,0.0,0.18337941574038563,0.0,0.11733166431312533,0.6451256694934854,162.5137338914823,-2.0668642837132856,Ice
-5.650351021153896,6.254226825779963,82.47050798161432,0.8581423866146964,5.6465601013637166,0.0,0.13716975303340262,0.2566433281565457,0.08204192522580166,0.82,105.0,-8.576582836956668,Ice
3.6,3.0,100.0,0.0,1.3,0.0,0.16,0.0,0.0,0.77,112.0,6.35,Rain
-4.0,2.8,98.0,5.0,1.3,15.0,0.0,0.21,0.2,0.22,112.0,-3.0999999999999996,Snow
-17.5,2.7,29.0,0.0,1.5,0.0,0.0,0.0,0.0,0.82,112.0,-3.0999999999999996,Rain
0.2,2.7,69.0,0.0,0.0,0.0,0.02,0.0,0.0,0.82,109.0,1.8000000000000003,Rain
3.0,1.9,51.0,0.0,0.0,0.0,0.0,0.0,0.0,0.82,112.0,5.65,Rain
5.3,1.6,100.0,0.0,4.9,0.0,0.33,0.0,0.0,0.7,112.0,-3.2500000000000004,Rain
-12.5,3.1,45.0,0.0,0.0,0.0,0.0,0.0,0.0,0.82,402.0,-3.95,Normal
-3.9,2.2,94.0,4.0,1.1,5.0,0.15,0.01,0.01,0.77,112.0,-1.95,Snow
5.7,3.7,100.0,0.0,8.5,0.0,0.17,0.0,0.0,0.76,112.0,-3.4,Rain
-1.1,1.524792452575951,82.32388159609309,0.9618201227607656,0.0,0.0,0.04760707161284604,0.04122765812267133,0.05110894696674416,0.82,105.0,-3.5415216437326196,Ice
5.6,4.4,99.0,1.0,5.2,0.0,0.48,0.0,0.0,0.67,110.0,1.2499999999999998,Rain
-15.5,0.3,81.0,0.0,0.0,0.0,0.0,0.0,0.0,0.82,435.0,-7.1000000000000005,Normal
-6.9,6.3,81.0,4.0,0.1,4.0,0.02,0.0,0.0,0.82,112.0,-4.05,Snow
4.7,2.6,99.0,0.0,7.5,0.0,0.24,0.0,0.0,0.73,115.0,-1.15,Rain
-14.4,0.7,64.0,0.0,0.0,0.0,0.0,0.0,0.0,0.82,422.0,-4.95,Normal
-14.0,0.9,38.0,0.0,0.0,0.0,0.0,0.0,0.0,0.82,427.0,-3.3499999999999996,Normal
-2.53473854153237,3.0234367392776824,81.52026467108304,0.9429436158604442,5.3413722230600476,0.0,0.08137759466792706,0.019574637709435197,0.2094919256099005,0.82,105.0,-5.622003848907559,Ice
-3.6,6.1,99.0,4.0,0.7,5.0,0.0,0.26,0.19,0.24,112.0,-2.25,Snow
5.5,3.6,98.0,0.0,3.9,0.0,0.2,0.0,0.0,0.75,112.0,0.2999999999999998,Rain
-0.7,3.2,87.0,0.0,0.0,0.0,0.0,0.0,0.0,0.82,422.0,-0.15000000000000013,Normal
-6.2,7.8,73.0,4.0,0.0,0.0,0.0,0.0,0.0,0.82,430.0,-1.25,Snow
-6.174894078091652,4.666769430456028,97.54755776120214,0.5220523165358177,1.7382784089984578,0.0,0.011765953512875689,0.0,0.0426634724061601,0.5823574056485878,119.2214878707098,-1.8002227232692118,Ice
-16.0,0.9,38.0,0.0,0.0,0.0,0.0,0.0,0.0,0.82,443.0,-4.3500000000000005,Normal
-2.5310571774156414,7.2,100.0,0.0,1.5263871878549278,0.0,0.014201128458404308,0.0,0.0,0.71531283399853,146.6923869870852,-6.675018928194512,Ice
-1.1,2.0,100.0,4.0,3.5,0.0,0.0,0.16,0.24,0.17,115.0,-6.6000000000000005,Rain
0.6,1.7,100.0,1.0,4.4,0.0,0.37,0.01,0.01,0.69,110.0,-2.45,Rain
-14.9,0.7,45.0,0.0,0.1,0.0,0.0,0.0,0.0,0.82,455.0,-7.800000000000001,Normal
-5.6,1.7,63.0,0.0,0.0,0.0,0.0,0.0,0.0,0.82,415.0,-1.2000000000000002,Normal
-2.4,5.1,96.0,5.0,6.0,9.0,0.06,0.08,0.1,0.5,112.0,-1.2,Snow
-6.882647498036729,2.9559876676116947,96.02577722019514,0.0,0.0,0.0,0.08541853761793622,0.06535766281453892,0.014477847476491945,0.46626293954972414,105.0,-6.993921315934541,Ice
-3.2,5.7,100.0,5.0,1.8,12.0,0.0,0.4,0.1,0.38,410.0,-2.25,Snow
5.1,0.6,90.0,0.0,0.0,0.0,0.02,0.0,0.0,0.82,112.0,9.15,Rain
-11.6,1.0,64.0,0.0,0.0,0.0,0.0,0.0,0.0,0.82,437.0,-11.3,Normal
-5.5,2.8,87.0,4.0,0.7,2.0,0.13,0.0,0.0,0.78,112.0,-3.0,Snow
5.1,2.2,95.0,0.0,0.1,0.0,0.04,0.0,0.0,0.82,470.0,1.4499999999999997,Normal
-13.2,0.4,69.0,0.0,0.1,0.0,0.0,0.0,0.0,0.82,414.0,-5.05,Normal
-4.9,6.7,92.0,4.0,0.4,5.0,0.0,0.23,0.12,0.36,112.0,-2.35,Snow
-1.6,1.6,99.0,4.0,1.2,2.0,0.02,0.16,0.25,0.16,112.0,-6.3,Snow
-9.0,1.7,66.0,0.0,0.0,0.0,0.0,0.0,0.0,0.82,425.0,-3.6,Normal
-1.9,2.3,96.0,5.0,5.6,7.0,0.4,0.02,0.08,0.68,503.0,-0.25,Snow
4.6,2.1,76.0,0.0,0.0,0.0,0.0,0.0,0.0,0.82,480.0,9.3,Normal
-3.6,2.6,94.0,4.0,10.3,1.0,0.2,0.0,0.0,0.75,112.0,-1.6500000000000001,Snow
-4.6,3.4,92.0,4.0,0.6,4.0,0.14,0.06,0.06,0.78,115.0,-2.3,Snow
-3.7477836352912215,5.8916797322931185,100.0,1.083701508107261,1.8643071970623848,0.0,0.15428458807423612,0.14004005848368598,0.0,0.82,105.0,-7.692295437625612,Ice
-1.1,0.7479004619235279,78.82167812563195,0.8045206148451176,1.1665009983970545,0.0,0.19075612895041338,0.1768443989177803,0.0,0.6478667589097992,216.92917603179194,-1.8283839824025865,Ice
-3.6,3.5,93.0,5.0,4.6,32.0,0.0,1.08,0.04,0.37,107.0,-4.2,Snow
-7.254319805799513,3.818375163758608,76.13510660253397,3.362649016195931,2.0798892652912238,0.0,0.0,0.13306021029930162,0.19045459791080285,0.6464033033030041,105.0,-4.856329756459439,Ice
-6.7,5.0,77.0,4.0,0.0,0.0,0.01,0.0,0.0,0.82,105.0,-4.6499999999999995,Snow
-9.744715967171084,3.9233593078913156,71.01914044052408,0.322252712531793,1.9606715166168338,0.0,0.0,0.0,0.0,0.4620782784893679,157.8472579984528,-1.3,Ice
-2.7549959347659874,0.555726333996609,94.56312936324369,0.648931066070253,3.084185832754729,0.0,0.06633421871969793,0.31949637403302666,0.1735420618905324,0.3612226953144162,113.30537222572029,-1.3,Ice
-14.3,1.2541210408185404,87.90110320568941,0.0,3.423918509224479,0.0,0.0,0.035278751708913494,0.0,0.4730424986727822,130.0014236470412,-3.5577729144824617,Ice
-3.3,1.6,97.0,5.0,4.8,4.0,0.75,0.0,0.0,0.64,112.0,-1.2,Snow
-4.14440159358613,1.2106746078371708,98.46911183737971,1.9857967518121242,5.323227136091414,0.0,0.1481254146730595,0.014439046709066775,0.0,0.47748428005804433,113.85524588279493,-11.448305570120311,Ice
-15.7,1.5,54.0,0.0,0.0,0.0,0.0,0.0,0.0,0.82,490.0,-8.0,Normal
-1.9,2.4,97.0,4.0,2.1,2.0,0.27,0.0,0.0,0.72,107.0,-0.6499999999999999,Snow
4.4,0.5,73.0,0.0,0.0,0.0,0.0,0.0,0.0,0.82,420.0,7.1,Normal
1.4,4.7,90.0,1.0,0.1,0.0,0.06,0.0,0.0,0.81,110.0,-0.6000000000000001,Rain
-4.6,3.9,80.0,4.0,0.2,2.0,0.15,0.0,0.0,0.78,112.0,-2.1,Snow
4.9,1.8,97.0,0.0,2.2,0.0,0.15,0.0,0.0,0.77,110.0,1.4499999999999997,Rain
5.2,2.5,100.0,0.0,0.1,0.0,0.13,0.0,0.0,0.78,110.0,1.2000000000000002,Rain
-17.2,1.0,47.0,0.0,0.0,0.0,0.0,0.0,0.0,0.82,110.0,-17.0,Snow
-14.7,1.4,52.0,0.0,0.0,0.0,0.0,0.0,0.0,0.82,447.0,-10.049999999999999,Normal
2.5,3.2,92.0,0.0,2.4,0.0,0.0,0.0,0.0,0.82,112.0,5.35,Rain
-14.2,0.4,43.0,0.0,0.0,0.0,0.0,0.0,0.0,0.82,187.0,-4.6000000000000005,Normal
1.9,0.4,76.0,0.0,0.0,0.0,0.02,0.0,0.0,0.82,112.0,5.85,Rain
-10.1,7.0,57.0,0.0,0.0,0.0,0.0,0.09,0.1,0.41,107.0,-10.85,Rain
-2.0818195148912326,0.7795356077772047,71.56509101208135,0.0,0.5234600479953204,0.0,0.14085813612575754,0.05734828910729601,0.10636209834429561,0.13,177.01422859902897,-13.688910446304838,Ice
0.3,0.8,85.0,0.0,0.0,0.0,0.0,0.0,0.0,0.82,140.0,-0.09999999999999987,Normal
-3.7,1.3,99.0,4.0,1.6,3.0,0.0,0.16,0.09,0.45,112.0,-2.65,Snow
-7.687155112375514,0.37053046523446875,74.94304323185425,0.0,1.3295351540240772,0.0,0.09037222594057441,0.006930462526517259,0.23833777858734234,0.5392939337657717,135.93637012504863,-2.1683638455243015,Ice
-8.5,2.1,61.0,0.0,0.0,0.0,0.0,0.0,0.0,0.82,467.0,-2.45,Normal
-1.5,2.8,71.0,0.0,0.0,0.0,0.01,0.0,0.0,0.82,112.0,0.2999999999999998,Rain
-3.228497043371515,4.624213709091743,79.33827160254064,0.31213345257392555,2.6814975934876832,0.0,0.14430104815681527,0.0027560971955891272,0.0,0.3336761944819532,206.53272849960305,-5.422333481650059,Ice
-5.01757566599484,6.120736961238178,78.20707580605138,0.5046550697932889,0.7039194758338185,0.0,0.1689359719816612,0.053174452689158935,0.3204872736873551,0.82,121.0061520956316,-1.3,Ice
-6.219439943265978,4.968662742716458,83.45957844916529,2.6742899890993335,0.5526751115627113,0.0,0.0653112792178328,0.09430396605004357,0.16552215495549819,0.6681527378074641,166.0186973718539,-1.3,Ice
7.9,1.7,67.0,0.0,0.1,0.0,0.0,0.0,0.0,0.82,395.0,8.55,Normal
-3.4,4.6,99.0,5.0,2.8,4.0,0.0,0.08,0.75,0.1,440.0,-3.65,Snow
3.6,0.7,88.0,0.0,0.2,0.0,0.15,0.0,0.0,0.78,112.0,6.9,Rain
4.9,3.5,97.0,0.0,1.3,0.0,0.4,0.0,0.0,0.69,412.0,-0.20000000000000018,Rain
4.6,0.5,100.0,0.0,0.8,0.0,0.21,0.0,0.0,0.74,112.0,7.4,Rain
-17.6,0.7,33.0,0.0,0.0,0.0,0.0,0.0,0.0,0.82,406.0,-5.8500000000000005,Normal
-13.4,0.8,66.0,0.0,0.0,0.0,0.0,0.0,0.0,0.82,461.0,-10.1,Normal
4.3,4.2,98.0,0.0,4.0,0.0,0.21,0.0,0.0,0.74,112.0,-3.1,Rain
-7.196479183234546,2.112076909857502,74.29996418590119,1.9539126425859799,0.0,0.0,0.17132671180686895,0.0,0.25123623099432923,0.82,277.28791217931735,-6.864104871878016,Ice
-10.427125440127742,2.688048108357588,71.93815921737705,0.0,0.3823122889547619,0.0,0.04986466313428943,0.0,0.2462581099460634,0.641591802586942,149.51646668905602,-1.3,Ice
-6.2,3.4,78.0,0.0,0.5,0.0,0.0,0.0,0.0,0.82,357.0,-3.45,Normal
-2.5,3.4,100.0,4.0,1.5,3.0,0.0,0.23,0.2,0.22,110.0,-2.3,Snow
-7.7,5.6,69.0,0.0,0.2,0.0,0.0,0.0,0.0,0.82,125.0,-2.8499999999999996,Normal
6.6,1.3,56.0,0.0,0.0,0.0,0.0,0.0,0.0,0.82,110.0,9.15,Rain
-13.314844609170514,1.2134205269737415,79.51474438782687,0.7448132177072702,0.037218574319507036,0.0,0.06068333512547819,0.0,0.0,0.13982183169433443,140.905849906911,-9.969589237983609,Ice
-12.8,1.6,40.0,0.0,0.6,0.0,0.0,0.0,0.0,0.82,495.0,-2.9000000000000004,Normal
-17.9,0.3,85.0,0.0,0.0,0.0,0.0,0.0,0.0,0.82,107.0,-11.35,Normal
-2.0,3.6,98.0,4.0,5.1,2.0,0.2,0.0,0.0,0.75,112.0,-2.1,Snow
-19.1,0.2,31.0,0.0,0.0,0.0,0.0,0.0,0.0,0.82,424.0,-5.7,Normal
-7.913648964139663,0.1,95.48307772184117,0.0,0.0,0.0,0.018025952773915825,0.01244013180120486,0.07669019407609017,0.18093995577215116,222.83012211105918,-14.15,Ice
0.6,1.2,55.0,0.0,0.0,0.0,0.0,0.0,0.0,0.82,422.0,7.1000000000000005,Normal
-2.9,3.6,99.0,4.0,3.4,5.0,0.0,0.17,0.21,0.2,112.0,-7.25,Snow
4.4,1.2,75.0,0.0,0.0,0.0,0.0,0.0,0.0,0.82,110.0,9.200000000000001,Rain
4.1,3.7,96.0,0.0,3.1,0.0,0.84,0.0,0.0,0.63,112.0,-1.8499999999999996,Rain
-3.2,2.6,71.0,0.0,0.0,0.0,0.0,0.0,0.0,0.82,480.0,-0.44999999999999996,Normal
-6.6,1.2,57.0,0.0,0.0,0.0,0.07,0.0,0.0,0.81,110.0,-1.85,Rain
6.0,2.3,100.0,0.0,1.3,0.0,0.15,0.0,0.0,0.78,110.0,-0.25,Rain
-1.1,4.6776797500235325,93.88214419687193,0.0,0.0,0.0,0.10210022555623346,0.1253730004285697,0.017148466804310286,0.43460502573425147,154.2335417513377,-1.3,Ice
-6.523779893309065,0.1364094142406964,75.08709655366205,2.3131753372327024,2.186389724924692,0.0,0.0,0.0,0.0,0.8099901977800967,121.9957019134721,-1.3,Ice
3.9,2.9,85.0,0.0,0.0,0.0,0.0,0.0,0.0,0.82,400.0,2.35,Normal
-10.069444342977281,7.2,100.0,0.7994525748020662,2.132020716903763,0.0,0.051104633393732155,0.0,0.22600900742844485,0.18513268343459438,105.0,-8.650789418431405,Ice
-3.9,4.9,95.0,6.0,5.8,31.0,0.0,0.28,0.17,0.28,475.0,-2.1999999999999997,Snow
-5.0,2.0,80.0,4.0,0.0,6.0,0.06,0.0,0.0,0.81,109.0,-6.75,Snow
-14.3,0.4,44.0,0.0,0.1,0.0,0.0,0.0,0.0,0.82,400.0,-5.05,Normal
-15.7,2.7,42.0,0.0,0.0,0.0,0.0,0.0,0.0,0.82,435.0,-7.05,Normal
-6.8,7.1,80.0,4.0,0.5,0.0,0.21,0.0,0.0,0.74,110.0,-3.1,Snow
6.9,0.9,83.0,0.0,2.9,0.0,0.0,0.0,0.0,0.82,110.0,9.55,Rain
-7.331957641667343,3.4938914083909687,91.1874023336352,0.7025283085027293,0.0,0.0,0.1410435774364101,0.4,0.0,0.1354117829874938,105.0,-2.483914475645727,Ice
-7.1,3.2,78.0,4.0,0.2,1.0,0.12,0.0,0.0,0.79,112.0,-3.0,Snow
5.6,2.0,49.0,0.0,0.0,0.0,0.0,0.0,0.0,0.82,402.0,9.25,Normal
4.4,3.7,99.0,0.0,4.0,0.0,0.49,0.0,0.0,0.67,112.0,-2.7,Rain
3.0,0.3,75.0,0.0,0.0,0.0,0.0,0.0,0.0,0.82,404.0,6.55,Normal
-5.0,4.5,88.0,4.0,0.4,2.0,0.0,0.29,0.08,0.39,110.0,-2.25,Snow
-16.1,0.6,40.0,0.0,0.0,0.0,0.0,0.0,0.0,0.82,437.0,-5.4,Normal
-14.5,4.1,41.0,0.0,0.0,0.0,0.0,0.0,0.0,0.82,452.0,-3.9499999999999997,Normal
-4.8,3.8,91.0,4.0,0.6,2.0,0.0,0.22,0.19,0.23,112.0,-4.65,Snow
-14.4,3.0,48.0,0.0,0.0,0.0,0.0,0.0,0.0,0.82,115.0,-6.4,Normal
2.9,1.1,67.0,0.0,0.0,0.0,0.0,0.0,0.0,0.82,510.0,7.1,Normal
1.4,1.3,98.0,1.0,2.1,0.0,0.28,0.0,0.0,0.72,112.0,-0.5,Rain
-16.1,5.2,34.0,0.0,0.0,0.0,0.0,0.0,0.0,0.82,180.0,-7.75,Normal
-4.699140563196271,4.801496634459171,77.76787555585561,2.954803970918623,0.20623714269371862,0.0,0.0,0.17267124238881457,0.0,0.3058869675679294,105.0,-3.3410365917735736,Ice
-2.5,1.2,96.0,4.0,1.9,0.0,0.05,0.06,0.16,0.31,109.0,-6.25,Rain
-9.1,3.1,60.0,4.0,0.0,0.0,0.0,0.0,0.0,0.82,395.0,-6.2,Snow
-4.3,3.9,95.0,4.0,0.8,3.0,0.0,1.0,0.04,0.37,112.0,-6.7,Snow
-6.5,6.0,84.0,4.0,0.3,5.0,0.0,0.06,0.1,0.41,110.0,-3.15,Snow
-1.1,0.64328187327482,88.17217464414267,2.432908870105491,0.6560584312273625,0.0,0.1369857857640494,0.17298395012232876,0.1974113945939266,0.577613409740176,182.89374340828425,-4.096503642058932,Ice
5.4,2.2,96.0,0.0,0.5,0.0,0.24,0.0,0.0,0.73,112.0,6.9,Rain
6.2,1.5,53.0,0.0,0.0,0.0,0.0,0.0,0.0,0.82,402.0,8.95,Normal
-6.4796340736479605,0.1,64.23926455719956,1.8268767777690167,0.6016293665313226,0.0,0.0,0.24104168921761848,0.25272575329031405,0.2669270843423509,107.39503494182574,-5.729137849353575,Ice
-6.6,1.0,68.0,0.0,0.0,0.0,0.01,0.0,0.0,0.82,169.0,-3.25,Normal
-2.8,5.2,98.0,4.0,3.2,1.0,0.13,0.09,0.1,0.75,109.0,-3.5,Snow
-2.8369875920149417,3.828010511444785,52.64034161107807,1.6604215730000185,2.199063195104472,0.0,0.24178152324681856,0.04086335570130546,0.1681000494962639,0.13,244.8264412131564,-3.479482048535549,Ice
-2.2,1.4,98.0,4.0,7.2,0.0,0.19,0.0,0.0,0.75,112.0,-0.8499999999999999,Snow
1.4,1.3,66.0,0.0,0.0,0.0,0.0,0.0,0.0,0.82,397.0,6.5,Normal
-3.3,6.3,91.0,5.0,2.8,42.0,0.0,0.51,0.05,0.38,110.0,-1.6,Snow
-6.8,3.7,70.0,4.0,0.1,0.0,0.01,0.0,0.0,0.82,110.0,-2.6,Snow
4.8,5.2,85.0,0.0,10.7,0.0,0.14,0.0,0.0,0.78,110.0,2.15,Rain
-8.389345213932419,4.297630592850248,85.7211742472678,0.0,0.8255377641968802,0.0,0.07504489766391259,0.1964451116559971,0.21994264768857374,0.32387133877349256,131.54447372732437,-14.15,Ice
-0.2,1.7,89.0,0.0,0.0,0.0,0.01,0.0,0.0,0.82,415.0,0.19999999999999996,Normal
-16.9,1.6,42.0,0.0,0.0,0.0,0.0,0.0,0.0,0.82,112.0,-8.0,Normal
-5.4,3.8,88.0,4.0,0.1,1.0,0.07,0.04,0.08,0.75,112.0,-6.6,Snow
-4.9312295080193165,3.4520776304774023,94.51806850579723,0.0,0.4674543049202682,0.0,0.1207030058314251,0.03246177927829516,0.11778876855236103,0.30438495128684145,195.91738729753683,-1.3,Ice
-16.4,0.7,32.0,0.0,0.0,0.0,0.0,0.0,0.0,0.82,110.0,-4.35,Rain
0.0,0.7,100.0,1.0,6.2,0.0,0.11,0.08,0.09,0.75,110.0,-2.0,Snow
2.5,0.7,53.0,0.0,0.0,0.0,0.0,0.0,0.0,0.82,395.0,6.5,Normal
-1.9,7.0,97.0,4.0,5.2,3.0,0.0,0.24,0.27,0.16,110.0,-2.7,Snow
5.2,3.4,95.0,0.0,0.0,0.0,0.0,0.0,0.0,0.82,112.0,7.0,Rain
5.9,2.6,98.0,0.0,0.0,0.0,0.07,0.0,0.0,0.81,109.0,1.1,Rain
3.2,0.4,98.0,0.0,2.5,0.0,0.13,0.0,0.0,0.78,112.0,0.95,Rain
-18.3,2.7,28.0,0.0,0.0,0.0,0.0,0.0,0.0,0.82,419.0,-12.450000000000001,Normal
-4.4,4.1,92.0,4.0,0.5,4.0,0.06,0.04,0.06,0.78,112.0,-3.3000000000000003,Snow
4.5,7.2,100.0,0.0,0.4,0.0,0.07,0.0,0.0,0.81,112.0,-1.0500000000000003,Rain
-2.4,2.3,70.0,0.0,0.0,0.0,0.14,0.0,0.0,0.78,112.0,0.25,Rain
-5.3,3.3,93.0,6.0,3.9,24.0,0.0,0.19,0.04,0.43,112.0,-2.9,Snow
-3.2,4.6,95.0,5.0,2.7,15.0,0.0,0.29,0.11,0.39,109.0,-6.9,Snow
-15.4,0.7,37.0,0.0,0.0,0.0,0.0,0.0,0.0,0.82,435.0,-7.3999999999999995,Normal
4.0,1.9,61.0,0.0,0.0,0.0,0.0,0.0,0.0,0.82,465.0,5.3,Normal
-10.95130460060517,0.45676074554490675,94.70582649990278,0.4980159225394467,1.4174999042778278,0.0,0.0,0.0,0.2885373620337366,0.21866271811255994,114.24702957084115,-1.7680294308065387,Ice
-15.1,0.8,37.0,0.0,0.0,0.0,0.0,0.0,0.0,0.82,460.0,-5.1000000000000005,Normal
1.8,0.5,47.0,0.0,0.0,0.0,0.0,0.0,0.0,0.82,415.0,8.65,Normal
4.6,1.2,89.0,0.0,0.0,0.0,0.0,0.0,0.0,0.82,417.0,8.65,Normal
5.7,3.1,95.0,0.0,17.2,0.0,0.23,0.0,0.0,0.74,112.0,0.3999999999999999,Rain
-5.257265093843557,4.903104475272627,76.37367383788568,0.196850189208141,0.0,0.0,0.041348546218550136,0.2654158667916196,0.14082933120694469,0.5250285581702648,105.0,-1.405934967102744,Ice
-0.6,3.2,98.0,4.0,1.2,3.0,0.75,0.0,0.0,0.64,112.0,-4.45,Snow
-17.3,0.6,30.0,0.0,0.0,0.0,0.0,0.0,0.0,0.82,425.0,-4.15,Normal
2.1,0.5,99.0,0.0,4.9,0.0,0.01,0.0,0.0,0.82,412.0,5.3,Normal
8.4,0.5,69.0,0.0,0.0,0.0,0.0,0.0,0.0,0.82,110.0,10.35,Rain
-9.759608852434832,0.616792487645808,86.54909821805151,0.5417862832857377,5.3714901566394415,0.0,0.10963259453737384,0.027032282171319172,0.15521384021597798,0.47420412426761965,338.64839772231255,-2.681834642228518,Ice
2.0,3.3,97.0,0.0,0.0,0.0,0.0,0.0,0.0,0.82,110.0,1.05,Rain
7.1,0.5,63.0,0.0,0.0,0.0,0.0,0.0,0.0,0.82,130.0,8.9,Rain
-16.1,0.7,34.0,0.0,0.0,0.0,0.0,0.0,0.0,0.82,440.0,-5.949999999999999,Normal
4.7,3.4,98.0,0.0,1.1,0.0,0.21,0.0,0.0,0.74,112.0,1.1,Rain
4.2,1.5,99.0,0.0,0.5,0.0,0.17,0.0,0.0,0.76,110.0,1.1,Rain
-2.5,3.4,100.0,5.0,6.4,14.0,0.0,0.93,0.05,0.37,120.0,-2.0,Snow
-10.852053947213115,1.9946546368593228,87.3206746396069,0.3964054016705889,0.08779783422329723,0.0,0.026476102860824843,0.2626491762044703,0.15827445366645662,0.47738715085141237,233.05013923102175,-9.483882152234186,Ice
-7.562782472054598,2.86617526099676,89.692069612056,0.17796845310532394,0.0,0.0,0.11876425805808727,0.2597263467200622,0.06504836235830172,0.38565514298154946,105.0,-4.645913912972206,Ice
4.0,6.7,96.0,0.0,0.9,0.0,0.42,0.0,0.0,0.68,115.0,-1.4500000000000002,Rain
-6.3,2.2,78.0,4.0,0.0,1.0,0.0,0.0,0.0,0.82,110.0,-6.6,Snow
-5.990195442813179,6.2822912928900205,85.71456030042769,0.0,0.0,0.0,0.08488355828934943,0.4,0.0,0.82,105.0,-8.937364173946126,Ice
-10.8,0.9,51.0,0.0,0.0,0.0,0.0,0.0,0.0,0.82,112.0,-4.85,Rain
-2.610205311215562,5.387340645429526,74.46893269966381,1.3967650505360965,0.5105274184167259,0.0,0.0,0.01934287590140553,0.25571536575986475,0.5479070934496129,199.08747293836794,-7.04099945210974,Ice
-9.3,3.5,60.0,0.0,0.0,0.0,0.0,0.0,0.0,0.82,448.0,-6.25,Normal
-9.1,5.1,66.0,4.0,0.0,1.0,0.0,0.0,0.0,0.82,490.0,-3.3000000000000003,Snow
7.8,1.7,68.0,0.0,0.0,0.0,0.0,0.0,0.0,0.82,482.0,8.0,Normal
-3.2,2.2,95.0,4.0,2.3,0.0,0.18,0.0,0.0,0.76,112.0,-3.55,Snow
-5.1,6.2,83.0,4.0,0.2,0.0,0.25,0.0,0.0,0.73,110.0,-1.7999999999999998,Snow
1.3,3.3,95.0,1.0,3.4,0.0,0.55,0.0,0.0,0.66,112.0,-2.0,Rain
-14.8,0.4,64.0,0.0,0.0,0.0,0.0,0.0,0.0,0.82,117.0,-5.5,Normal
2.2,0.4,92.0,0.0,0.6,0.0,0.0,0.0,0.0,0.82,112.0,4.95,Rain
-10.2,3.9,63.0,4.0,0.0,0.0,0.0,0.0,0.0,0.82,112.0,-3.25,Snow
-14.6,3.4,42.0,0.0,0.0,0.0,0.0,0.0,0.0,0.82,435.0,-5.4,Normal
-15.0,3.3,70.0,0.0,0.0,0.0,0.0,0.0,0.0,0.82,422.0,-10.4,Normal
4.2,5.5,84.0,0.0,4.6,0.0,0.33,0.0,0.0,0.7,112.0,1.3000000000000003,Rain
-2.448921222832903,2.2681386147568694,86.0034212982119,0.3628998802088014,3.347623869416946,0.0,0.06501585823867977,0.0800469668478894,0.1268152946720485,0.5746439167209102,105.0,-6.364226866892431,Ice
4.6,4.9,85.0,0.0,4.1,0.0,0.11,0.0,0.0,0.79,112.0,2.15,Rain
-1.1,2.1505583930039336,81.49880286100839,0.0,0.38479806300040864,0.0,0.035598609993065716,0.0,0.0,0.3506227655268631,105.0,-10.340652161581819,Ice
-3.5,5.0,94.0,5.0,3.7,11.0,0.0,0.19,0.3,0.14,110.0,-1.0999999999999999,Snow
1.5,1.8,46.0,0.0,0.0,0.0,0.0,0.0,0.0,0.82,335.0,6.65,Normal
-3.0,2.6,100.0,6.0,5.7,31.0,0.0,1.02,0.05,0.37,402.0,-3.35,Snow
-10.9098741794327,2.386721197589354,63.10665140247242,3.31998043330866,3.0753162121159647,0.0,0.05548491273680699,0.08107863669951162,0.21557584226496773,0.82,105.0,-1.3,Ice
4.8,3.8,84.0,0.0,0.0,0.0,0.01,0.0,0.0,0.82,112.0,2.0500000000000003,Rain
-0.7,0.7,100.0,4.0,6.4,4.0,0.0,0.71,0.09,0.37,115.0,-5.699999999999999,Snow
-3.9,4.7,93.0,5.0,4.0,20.0,0.0,0.48,0.14,0.35,110.0,-2.25,Snow
1.3,1.4,90.0,1.0,0.2,0.0,0.1,0.0,0.0,0.8,110.0,-0.04999999999999982,Rain
4.0,1.6,96.0,0.0,0.0,0.0,0.01,0.0,0.0,0.82,112.0,4.65,Rain
4.6,2.4,92.0,0.0,0.0,0.0,0.0,0.0,0.0,0.82,115.0,8.049999999999999,Rain
-1.5,2.0,79.0,0.0,0.0,0.0,0.0,0.0,0.0,0.82,242.0,-2.5999999999999996,Normal
-1.1,0.1,89.74018052514619,0.0,1.0923118407096206,0.0,0.1113840921386326,0.0,0.02964538053127816,0.4108367721536964,172.32365012239956,-1.3,Ice
3.9,5.3,96.0,1.0,0.3,0.0,0.1,0.0,0.0,0.8,112.0,0.5499999999999998,Rain
0.2,1.4,92.0,0.0,0.0,0.0,0.0,0.0,0.0,0.82,110.0,0.55,Normal
-1.1,2.258454051835209,84.75325866294095,0.0,1.494397405437448,0.0,0.1517526126558482,0.09058456543994675,0.1265290368675313,0.13,235.37686712121518,-1.3,Ice
-1.6,2.8,100.0,4.0,4.4,5.0,0.0,0.18,0.27,0.15,112.0,-2.0,Snow
-5.820272311078694,6.963888513361132,87.36478248639689,1.9452572874252216,0.9721002041475991,0.0,0.04906788139531576,0.19763161673209922,0.19368283026260727,0.665818971742325,206.4646392028966,-1.660366041547873,Ice
-2.955919019781814,0.1,96.95817780994776,0.0,0.0,0.0,0.20490224222898185,0.0,0.3213891341976357,0.6108410947243142,170.8677735737862,-1.3,Ice
-3.4,1.9,95.0,4.0,6.2,3.0,0.56,0.0,0.0,0.66,112.0,-1.65,Snow
-1.7,1.2,72.0,4.0,0.3,2.0,0.01,0.0,0.0,0.82,120.0,0.5,Rain
-5.7,1.9,88.0,4.0,0.1,1.0,0.18,0.0,0.0,0.76,112.0,-8.2,Snow
2.0,7.3,97.0,1.0,1.2,0.0,0.24,0.0,0.0,0.73,112.0,-1.0,Rain
-1.1,6.840536387401691,85.95087894856519,0.0,4.086125502200285,0.0,0.10915006927011522,0.08223306376347872,0.2015546533072119,0.5331842502396135,105.0,-1.3135393144441454,Ice
-1.133440241626746,3.0513893030037056,89.47056069968993,3.638141629816995,3.2769519184767306,0.0,0.13258712874405743,0.0,0.0,0.5419570141910905,105.0,-5.833917925985727,Ice
-12.7,0.6,69.0,0.0,0.0,0.0,0.0,0.0,0.0,0.82,470.0,-10.1,Normal
-3.7,1.8,89.0,4.0,2.3,2.0,0.39,0.0,0.0,0.69,110.0,-0.7499999999999999,Snow
-2.7,5.6,93.0,4.0,1.1,3.0,0.29,0.0,0.01,0.71,112.0,-0.7,Snow
-5.1,2.0,57.0,0.0,0.0,0.0,0.0,0.0,0.0,0.82,115.0,-0.10000000000000009,Rain
-9.7,2.1,56.0,0.0,0.0,0.0,0.0,0.0,0.0,0.82,110.0,-6.3999999999999995,Rain
-5.4,4.0,84.0,4.0,0.4,1.0,0.2,0.0,0.0,0.75,487.0,-2.0500000000000003,Snow
3.1,0.3,78.0,0.0,0.0,0.0,0.0,0.0,0.0,0.82,397.0,5.15,Normal
5.1,6.8,94.0,1.0,6.8,0.0,0.57,0.0,0.0,0.66,110.0,1.25,Rain
-11.9,6.4,45.0,0.0,0.0,0.0,0.0,0.0,0.0,0.82,115.0,-4.9,Normal
-9.0,3.2,65.0,4.0,0.1,1.0,0.0,0.0,0.0,0.82,112.0,-7.45,Snow
-15.5,1.2,35.0,0.0,0.0,0.0,0.0,0.0,0.0,0.82,497.0,-11.1,Normal
-3.4,3.3,100.0,4.0,2.2,3.0,0.0,0.23,0.33,0.13,110.0,-3.7,Snow
-10.0,1.8,55.0,0.0,0.3,0.0,0.0,0.0,0.0,0.82,410.0,-3.45,Normal
-3.0800690464112606,0.5330839072408002,59.20234926353287,3.2134023855406406,0.06291371878325558,0.0,0.08393476494850957,0.0,0.06896228014092287,0.42152481103748357,211.3287312214338,-5.820385619864412,Ice
-4.9,4.6,93.0,5.0,3.5,17.0,0.0,0.88,0.03,0.37,110.0,-2.05,Snow
-5.9,3.2,74.0,4.0,0.1,0.0,0.0,0.0,0.0,0.82,420.0,-2.9,Rain
0.6,1.2,100.0,2.0,9.7,0.0,0.74,0.0,0.0,0.64,110.0,-2.8,Rain
-15.8,0.6,41.0,0.0,0.0,0.0,0.0,0.0,0.0,0.82,422.0,-6.3,Normal
-17.9,0.2,35.0,0.0,0.3,0.0,0.0,0.0,0.0,0.82,570.0,-5.7,Normal
-9.3,2.8,61.0,0.0,0.0,0.0,0.0,0.0,0.0,0.82,405.0,-3.65,Normal
-16.9,2.0,30.0,0.0,0.0,0.0,0.01,0.0,0.0,0.82,410.0,-4.1,Normal
5.2,3.0,91.0,0.0,0.0,0.0,0.03,0.0,0.0,0.82,112.0,2.0500000000000003,Rain
-5.2,3.0,91.0,5.0,0.7,5.0,0.0,0.18,0.11,0.38,110.0,-2.65,Snow
-3.8,4.7,86.0,4.0,2.9,0.0,0.17,0.0,0.0,0.76,110.0,-1.5499999999999998,Snow
-7.3,2.6,55.0,0.0,0.0,0.0,0.0,0.0,0.0,0.82,415.0,-3.4499999999999997,Normal
2.6,0.2,77.0,0.0,0.0,0.0,0.0,0.0,0.0,0.82,115.0,6.25,Normal
-13.7,2.0,57.0,0.0,0.0,0.0,0.0,0.0,0.0,0.82,400.0,-7.4,Normal
-0.2,1.7,58.0,0.0,0.0,0.0,0.0,0.0,0.0,0.82,112.0,4.15,Rain
-10.7,0.2,58.0,0.0,0.0,0.0,0.0,0.0,0.0,0.82,417.0,-3.8999999999999995,Normal
1.0,1.5,100.0,1.0,4.0,0.0,0.44,0.0,0.0,0.68,112.0,-4.55,Rain
-0.6,3.5,89.0,0.0,0.0,0.0,0.0,0.0,0.0,0.82,402.0,-0.20000000000000018,Normal
-17.4,3.9,45.0,0.0,0.0,0.0,0.0,0.0,0.0,0.82,417.0,-18.4,Normal
-4.3,2.4,67.0,0.0,0.0,0.0,0.0,0.0,0.0,0.82,445.0,-0.9000000000000001,Normal
-7.655639248402233,6.813427811479434,84.88258283587051,0.1101909511534378,1.5605013421003442,0.0,0.25,0.0,0.1369320552382391,0.6763277397663887,226.05295736856863,-4.411867434992236,Ice
-4.423083693119551,0.1,78.34432934392348,1.284356599839375,3.083993866034584,0.0,0.018373598625408556,0.09265458913630056,0.0,0.6598242147136917,110.00787942965479,-10.422322319067899,Ice
-3.8,3.1,81.0,0.0,0.1,0.0,0.25,0.0,0.0,0.73,109.0,-2.4000000000000004,Rain
-7.042042585498382,2.7275203357627,96.62473644369123,1.2647892140347687,1.950915582308332,0.0,0.10988827132285837,0.21974063608127797,0.0,0.7207623704914454,152.94476248445156,-7.52026524087112,Ice
3.2,2.0,100.0,0.0,4.2,0.0,0.26,0.0,0.0,0.72,112.0,-2.4,Rain
-6.8,7.0,71.0,4.0,0.0,0.0,0.0,0.0,0.0,0.82,112.0,-2.35,Snow
-1.1,6.5,95.0,4.0,0.4,17.0,1.54,0.0,0.0,0.53,110.0,-6.5,Rain
-3.2,4.0,100.0,6.0,3.7,11.0,0.0,0.49,0.09,0.38,112.0,-3.3000000000000003,Snow
4.3,3.1,55.0,0.0,0.0,0.0,0.01,0.0,0.0,0.82,415.0,5.8500000000000005,Normal
0.4,2.4,100.0,4.0,6.0,10.0,0.84,0.0,0.0,0.63,400.0,-4.5,Snow
-5.7,3.1,86.0,4.0,0.3,1.0,0.0,0.1,0.13,0.35,110.0,-2.0,Snow
-11.2,0.3,50.0,0.0,0.0,0.0,0.0,0.0,0.0,0.82,410.0,-3.25,Normal
5.4,3.4,94.0,0.0,2.3,0.0,0.22,0.0,0.0,0.74,115.0,1.0,Rain
6.0,0.3,64.0,0.0,0.0,0.0,0.0,0.0,0.0,0.82,122.0,9.5,Rain
-15.8,1.8,40.0,0.0,1.3,0.0,0.0,0.0,0.0,0.82,470.0,-5.1499999999999995,Normal
7.0,1.8,60.0,0.0,0.0,0.0,0.0,0.0,0.0,0.82,390.0,8.9,Normal
-8.6,1.6,69.0,0.0,0.0,0.0,0.0,0.0,0.0,0.82,110.0,-4.5,Normal
-3.8768509803221756,4.992473753285138,67.62083517703668,2.646849558875644,3.1494092403754945,0.0,0.05649337169344112,0.21490450716440024,0.0,0.5086646385699897,180.21376013941193,-14.15,Ice
-1.1,2.7172970899799913,99.31827825089312,2.5798594492788753,0.5314065659788885,0.0,0.17249607657525767,0.26131907505817425,0.0,0.3188512471409518,105.0,-1.3,Ice
-13.1,8.0,45.0,0.0,0.0,0.0,0.0,0.0,0.0,0.82,477.0,-5.85,Normal
-10.205049556629094,6.152889351523353,98.32178207507576,0.3092662283057048,0.0,0.0,0.0,0.14761714676157786,0.1261506282266996,0.3706438193161883,207.7808754734504,-7.346907796977396,Ice
6.5,0.5,85.0,0.0,0.0,0.0,0.01,0.0,0.0,0.82,130.0,9.5,Rain
-3.4,2.2,95.0,4.0,1.5,0.0,0.06,0.1,0.09,0.57,115.0,-2.5999999999999996,Snow
-2.7,3.2,100.0,4.0,3.5,12.0,0.0,0.15,0.07,0.48,110.0,-4.35,Snow
1.4,0.6,95.0,0.0,0.3,0.0,0.14,0.0,0.0,0.78,110.0,3.55,Rain
-4.5,2.8,92.0,4.0,0.7,7.0,0.0,0.16,0.16,0.28,112.0,-1.95,Snow
-17.5,0.4,41.0,0.0,0.0,0.0,0.0,0.0,0.0,0.82,460.0,-4.7,Normal
-2.3,3.6,99.0,4.0,3.9,1.0,0.2,0.04,0.07,0.75,115.0,-1.5,Snow
5.3,3.5,90.0,0.0,0.0,0.0,0.0,0.0,0.0,0.82,430.0,8.4,Rain
-6.493309896846096,1.1694802095255898,73.76704371451012,0.0,1.725476745506742,0.0,0.0,0.19090997200967574,0.03585478421481894,0.6535341825407961,207.2328348713261,-4.724815441750777,Ice
-6.6,3.4,78.0,4.0,0.5,0.0,0.22,0.0,0.0,0.74,112.0,-3.55,Snow
-9.0,6.1,61.0,0.0,0.0,0.0,0.0,0.0,0.0,0.82,409.0,-3.0,Normal
-16.0,2.8,35.0,0.0,0.0,0.0,0.0,0.0,0.0,0.82,417.0,-8.1,Normal
-2.8,5.3,95.0,4.0,1.3,5.0,0.36,0.07,0.11,0.69,112.0,-0.6000000000000001,Snow
-1.1,0.37792028923207033,77.59914529123722,0.0,0.0,0.0,0.25,0.12378390478968533,0.07727371088210513,0.82,162.78531248102675,-3.37613820406792,Ice
-1.4,4.7,79.0,1.0,0.1,0.0,0.0,0.0,0.0,0.82,110.0,-1.85,Rain
-13.6,1.1,61.0,0.0,0.0,0.0,0.0,0.0,0.0,0.82,115.0,-6.8999999999999995,Rain
-3.4982794143607787,2.609338001061052,84.22265396968604,0.0,2.940200016803011,0.0,0.14835713995205785,0.0034516229556705302,0.08673898785985804,0.13,105.0,-2.2665752316146794,Ice
-16.8,3.0,31.0,0.0,0.0,0.0,0.0,0.0,0.0,0.82,115.0,-11.5,Normal
-1.1,1.7,100.0,4.0,5.5,1.0,0.0,0.95,0.05,0.37,112.0,-2.95,Snow
-7.4,2.6,72.0,4.0,0.0,0.0,0.0,0.0,0.0,0.82,430.0,-2.9499999999999997,Normal
4.9,7.3,98.0,0.0,0.0,0.0,0.02,0.0,0.0,0.82,112.0,5.25,Rain
-5.7,3.4,73.0,0.0,0.0,0.0,0.0,0.0,0.0,0.82,125.0,-1.8000000000000003,Normal
5.9,1.8,84.0,0.0,0.0,0.0,0.0,0.0,0.0,0.82,407.0,8.5,Normal
-17.9,4.5,37.0,0.0,0.0,0.0,0.0,0.0,0.0,0.82,110.0,-17.45,Snow
-3.6,1.7,100.0,4.0,1.0,3.0,0.0,0.09,0.19,0.21,110.0,-3.5500000000000003,Snow
2.0,1.2,50.0,0.0,0.0,0.0,0.01,0.0,0.0,0.82,400.0,6.95,Rain
-3.1,2.7,76.0,0.0,0.0,0.0,0.02,0.0,0.0,0.82,425.0,-1.1,Normal
5.7,4.0,89.0,0.0,0.0,0.0,0.04,0.0,0.0,0.82,107.0,1.9499999999999997,Rain
-12.2,1.0,44.0,0.0,0.1,0.0,0.0,0.0,0.0,0.82,400.0,-4.25,Normal
4.7,1.5,58.0,0.0,0.0,0.0,0.0,0.0,0.0,0.82,405.0,7.55,Normal
-7.0,4.0,92.0,4.0,3.0,4.0,0.0,0.81,0.04,0.37,110.0,-16.35,Snow
-5.266448377065472,5.115759805328809,92.18021479651358,4.0,1.6085299446419798,0.0,0.024777618730449515,0.2850679845722253,0.014822663585597418,0.545477352547575,105.0,-4.365944996200642,Ice
-4.2060767804497114,0.1,75.2806043575619,2.7750689594331512,0.2848862050836569,0.0,0.14522212044679955,0.1521816322635711,0.20366843197685625,0.35641515976238936,226.5926238326706,-7.658018049850245,Ice
2.7,0.8,66.0,0.0,0.0,0.0,0.0,0.0,0.0,0.82,417.0,6.45,Normal
0.6,0.9,56.0,0.0,0.0,0.0,0.0,0.0,0.0,0.82,165.0,6.4,Normal
-7.196669834677254,4.327350520600088,81.73740027253781,4.0,0.0,0.0,0.11219968137532488,0.16212845245513072,0.0574928544184993,0.5064679761599336,109.00513265672079,-7.2806153203330695,Ice
4.0,1.7,59.0,0.0,0.0,0.0,0.0,0.0,0.0,0.82,427.0,6.7,Normal
-2.9,2.6,65.0,0.0,0.0,0.0,0.0,0.0,0.0,0.82,405.0,0.9500000000000002,Normal
-5.8,1.9,57.0,0.0,0.0,0.0,0.0,0.0,0.0,0.82,110.0,-0.44999999999999996,Rain
-1.1,0.1,100.0,0.0,2.9083622629351265,0.0,0.0,0.18866971282912837,0.20139718311925975,0.2973553247657014,105.0,-7.674463243884536,Ice
-8.6,0.3,70.0,0.0,0.3,0.0,0.0,0.0,0.0,0.82,465.0,-2.7,Normal
-3.3,5.9,91.0,5.0,5.7,16.0,0.0,0.43,0.17,0.31,110.0,-1.6,Snow
-24.2,1.2,83.0,0.0,0.0,0.0,0.0,0.0,0.0,0.82,110.0,-17.0,Snow
4.6,3.3,79.0,0.0,5.5,0.0,0.3,0.0,0.0,0.71,110.0,2.5,Rain
5.3,4.1,93.0,0.0,0.0,0.0,0.06,0.0,0.0,0.81,112.0,1.35,Rain
-12.5,2.4,41.0,0.0,0.0,0.0,0.0,0.0,0.0,0.82,410.0,-3.35,Normal
-18.0,1.7,60.0,0.0,0.0,0.0,0.0,0.0,0.0,0.82,422.0,-16.4,Normal
4.8,5.0,94.0,0.0,3.4,0.0,0.26,0.0,0.0,0.72,112.0,-2.1999999999999997,Rain
0.2,4.1,85.0,0.0,0.0,0.0,0.0,0.0,0.0,0.82,409.0,-0.8499999999999999,Normal
-3.1,6.5,95.0,5.0,1.6,9.0,0.22,0.0,0.0,0.74,110.0,-1.5999999999999999,Snow
-2.6,2.5,98.0,6.0,5.7,12.0,0.0,0.25,0.2,0.22,110.0,-1.2000000000000002,Snow
-5.973281114354493,3.9052506980978636,72.35956330553948,1.5376658059845065,1.6536154820482674,0.0,0.0,0.0889366595177286,0.0,0.45166270850755824,105.0,-4.2713591329965315,Ice
-18.4,0.4,30.0,0.0,0.0,0.0,0.0,0.0,0.0,0.82,417.0,-4.95,Normal
-3.2,3.6,95.0,4.0,0.6,6.0,0.17,0.03,0.03,0.76,110.0,-1.5,Snow
-19.3,0.6,52.0,0.0,0.0,0.0,0.0,0.0,0.0,0.82,427.0,-10.25,Normal
-16.5,2.7,31.0,0.0,0.0,0.0,0.0,0.0,0.0,0.82,517.0,-9.25,Normal
-5.044084706584471,7.056077518750881,96.47212764598397,1.4585727589143291,0.0,0.0,0.0,0.09647772564498766,0.030562350112949055,0.5157338942217694,209.02627898269196,-13.308005532387142,Ice
-15.3,1.0,45.0,0.0,0.0,0.0,0.0,0.0,0.0,0.82,451.0,-4.3500000000000005,Normal
-9.0,3.2,69.0,0.0,0.0,0.0,0.0,0.0,0.0,0.82,417.0,-5.6000000000000005,Normal
5.2,3.6,89.0,0.0,0.0,0.0,0.0,0.0,0.0,0.82,112.0,8.9,Rain
-7.8,2.9,53.0,0.0,0.0,0.0,0.0,0.0,0.0,0.82,422.0,-1.7,Normal
-15.9,0.7,63.0,0.0,0.0,0.0,0.0,0.0,0.0,0.82,450.0,-5.95,Normal
-1.9,2.3,70.0,0.0,0.0,0.0,0.11,0.0,0.0,0.79,115.0,0.5,Rain
-12.6,2.9,49.0,4.0,0.0,0.0,0.0,0.0,0.0,0.82,425.0,-9.25,Snow
-5.2,2.5,88.0,4.0,0.2,1.0,0.13,0.0,0.0,0.78,110.0,-3.4000000000000004,Snow
-4.53885774767618,3.8658555497694653,94.93693827240114,0.0,1.6147428843767637,0.0,0.17459825542992144,0.010382648132743824,0.0,0.6432306546294583,164.55785620815743,-3.916826806312847,Ice
5.9,4.6,92.0,0.0,0.0,0.0,0.07,0.0,0.0,0.81,112.0,2.3,Rain
-6.143288609477934,3.4951380952622904,100.0,1.587617383776914,0.7448751642492285,0.0,0.08591662530976976,0.15268099645652616,0.2048911842405331,0.82,219.66720690384676,-7.003210959896782,Ice
-4.3,6.8,91.0,4.0,1.4,4.0,0.38,0.17,0.1,0.69,110.0,-1.4000000000000001,Snow
-3.8,2.0,64.0,0.0,0.0,0.0,0.0,0.0,0.0,0.82,112.0,-0.3500000000000001,Normal
4.8,5.6,91.0,0.0,0.2,0.0,0.13,0.0,0.0,0.79,110.0,1.9999999999999998,Rain
-5.6,5.1,87.0,4.0,0.2,1.0,0.11,0.01,0.03,0.8,109.0,-3.3,Snow
-17.3,0.6,37.0,0.0,0.0,0.0,0.0,0.0,0.0,0.82,362.0,-6.4,Normal
5.5,3.0,97.0,0.0,6.5,0.0,0.21,0.0,0.0,0.74,112.0,1.6,Rain
-3.1,5.5,94.0,4.0,10.2,0.0,0.0,1.11,0.04,0.37,115.0,-4.3500000000000005,Snow
-14.3,0.4,44.0,0.0,0.0,0.0,0.0,0.0,0.0,0.82,417.0,-4.5,Normal
-14.3,2.1,47.0,0.0,0.0,0.0,0.0,0.0,0.0,0.82,435.0,-6.7,Normal
-9.389766034672625,1.9284837081476063,100.0,3.196254807133225,1.2513250769539066,0.0,0.008013330537864904,0.1812672562860478,0.02101362322112489,0.82,244.9368952313352,-7.927952392149859,Ice
-1.2,1.9,98.0,4.0,0.7,14.0,0.75,0.0,0.0,0.64,110.0,-6.9,Rain
-3.2,7.5,93.0,4.0,0.7,6.0,0.12,0.0,0.0,0.79,112.0,-1.45,Snow
5.6,1.8,99.0,0.0,5.6,0.0,0.34,0.0,0.0,0.7,425.0,0.9500000000000002,Rain
-11.5,3.8,57.0,0.0,0.0,0.0,0.0,0.0,0.0,0.82,110.0,-4.7,Normal
-4.7,2.5,93.0,4.0,0.5,4.0,0.0,0.24,0.18,0.26,115.0,-2.3,Snow
-1.9,4.7,100.0,4.0,4.7,2.0,0.13,0.06,0.08,0.78,110.0,-2.25,Snow
-5.3,4.5,76.0,4.0,0.0,0.0,0.0,0.0,0.0,0.82,110.0,-1.85,Snow
6.2,2.4,81.0,0.0,0.0,0.0,0.0,0.0,0.0,0.82,370.0,7.95,Normal
-19.5,1.3,33.0,0.0,0.0,0.0,0.0,0.0,0.0,0.82,475.0,-6.199999999999999,Normal
-0.3,2.5,91.0,0.0,0.0,0.0,0.0,0.0,0.0,0.82,422.0,0.0,Normal
-5.8,1.0,59.0,0.0,0.0,0.0,0.0,0.0,0.0,0.82,402.0,-1.3499999999999999,Normal
0.9,2.1,97.0,1.0,7.0,0.0,0.57,0.0,0.0,0.66,112.0,-5.6,Rain
-7.4,4.6,68.0,4.0,0.0,0.0,0.0,0.0,0.0,0.82,430.0,-3.15,Snow
7.2,1.1,62.0,0.0,0.0,0.0,0.0,0.0,0.0,0.82,400.0,9.05,Normal
-2.0,5.1,97.0,4.0,1.7,0.0,0.15,0.13,0.16,0.63,112.0,-1.5499999999999998,Snow
-9.4,5.2,64.0,4.0,0.0,0.0,0.0,0.0,0.0,0.82,490.0,-8.8,Snow
-6.6,4.9,77.0,4.0,0.1,1.0,0.07,0.0,0.0,0.81,112.0,-5.3,Snow
-5.741042053907632,4.059215983960383,86.56548017209855,0.12714971861898183,0.0,0.0,0.05962021372790744,0.0563735095178109,0.37560313198896944,0.6709907549755602,105.0,-1.312588497824156,Ice
-2.612291834964855,0.1,91.10182702933375,2.8070496408121675,5.25835152002197,0.0,0.07190093584824449,0.19296178963416885,0.13834690311890557,0.26882006249154883,112.36803128591208,-5.105601224681169,Ice
-5.1,2.3,85.0,4.0,3.3,0.0,0.37,0.0,0.0,0.69,140.0,-1.95,Snow
-1.9,2.2,98.0,5.0,1.4,6.0,0.21,0.0,0.0,0.74,107.0,-0.6499999999999999,Snow
6.9,0.8,60.0,0.0,0.0,0.0,0.0,0.0,0.0,0.82,480.0,9.700000000000001,Normal
-4.97293115975352,0.1,90.9959504356871,0.0,3.9953756838811207,0.0,0.05133866841186558,0.15688423558315,0.14412457456487243,0.35275994539124045,105.0,-3.238077934902302,Ice
-4.1,3.0,91.0,4.0,0.9,3.0,0.34,0.0,0.0,0.7,112.0,-1.95,Snow
4.5,2.4,95.0,0.0,0.2,0.0,0.1,0.0,0.0,0.8,112.0,1.7500000000000002,Rain
5.4,0.2,86.0,0.0,0.0,0.0,0.0,0.0,0.0,0.82,396.0,8.35,Rain
-3.4,4.0,100.0,5.0,1.3,19.0,0.14,0.05,0.06,0.78,109.0,-3.3,Snow
-4.0,1.9,87.0,4.0,3.3,0.0,0.18,0.0,0.0,0.76,110.0,-2.15,Snow
6.0,0.3,87.0,0.0,0.0,0.0,0.0,0.0,0.0,0.82,110.0,8.0,Rain
3.6,0.4,68.0,0.0,0.0,0.0,0.07,0.0,0.0,0.81,112.0,6.15,Rain
-4.5,2.5,74.0,0.0,0.0,0.0,0.0,0.0,0.0,0.82,430.0,-1.6500000000000001,Normal
3.1,1.4,73.0,0.0,0.0,0.0,0.0,0.0,0.0,0.82,409.0,6.0,Normal
-10.6,3.0,65.0,0.0,0.0,0.0,0.0,0.0,0.0,0.82,442.0,-10.85,Normal
-1.1,3.4134524333498746,96.92626632306805,0.0,3.238738539755541,0.0,0.0506199446884569,0.29862821821200336,0.0,0.6594401529922095,119.11716900570357,-10.858446613724837,Ice
-12.1,3.2,51.0,4.0,0.0,0.0,0.0,0.0,0.0,0.82,437.0,-6.550000000000001,Normal
-6.035337824773876,3.36793086419231,100.0,0.0,5.3641845777840125,0.0,0.022739976422094223,0.1588838853480776,0.14187284045705664,0.5828946627229288,105.0,-2.7321963599134316,Ice
-11.3,6.6,53.0,0.0,0.0,0.0,0.0,0.0,0.0,0.82,417.0,-6.75,Normal
2.1,1.2,93.0,0.0,0.0,0.0,0.35,0.0,0.0,0.7,112.0,0.8499999999999999,Rain
3.8,2.7,46.0,0.0,0.0,0.0,0.0,0.0,0.0,0.82,404.0,8.6,Normal
4.6,6.3,98.0,0.0,1.8,0.0,0.12,0.0,0.0,0.79,112.0,-0.8500000000000001,Rain
5.8,3.1,100.0,0.0,5.2,0.0,0.2,0.0,0.0,0.75,110.0,-0.6000000000000001,Rain
-17.3,1.6,32.0,0.0,0.0,0.0,0.0,0.0,0.0,0.82,133.0,-4.6,Normal
5.2,3.1,94.0,0.0,0.9,0.0,0.36,0.0,0.0,0.69,110.0,7.050000000000001,Rain
3.2,0.9,100.0,0.0,3.1,0.0,0.1,0.0,0.0,0.8,110.0,5.25,Rain
-20.2,3.0,24.0,0.0,0.0,0.0,0.0,0.0,0.0,0.82,420.0,-12.200000000000001,Normal
-17.5,2.2,33.0,0.0,1.4,0.0,0.0,0.0,0.0,0.82,440.0,-3.9499999999999997,Normal
-2.6,2.8,97.0,4.0,1.0,11.0,0.0,0.18,0.12,0.37,112.0,-4.75,Snow
3.6,1.2,67.0,0.0,0.0,0.0,0.0,0.0,0.0,0.82,411.0,6.3,Normal
-17.8,3.4,35.0,0.0,0.0,0.0,0.0,0.52,0.02,0.38,415.0,-17.599999999999998,Normal
4.9,3.4,93.0,0.0,0.2,0.0,0.12,0.0,0.0,0.79,109.0,1.8499999999999999,Rain
-8.8,0.8,60.0,0.0,0.0,0.0,0.0,0.0,0.0,0.82,290.0,-2.8,Normal
1.2,0.8,66.0,0.0,0.0,0.0,0.0,0.0,0.0,0.82,455.0,6.5,Normal
5.8,0.5,70.0,0.0,0.0,0.0,0.01,0.0,0.0,0.82,110.0,9.100000000000001,Rain
-1.8,1.6,97.0,5.0,5.9,6.0,0.0,0.4,0.19,0.28,112.0,-0.34999999999999987,Snow
-6.0,5.2,80.0,4.0,0.1,0.0,0.03,0.0,0.0,0.82,112.0,-2.65,Snow
-3.5,1.1,59.0,0.0,0.0,0.0,0.01,0.0,0.0,0.82,112.0,0.6500000000000001,Rain
-6.3,4.9,72.0,0.0,0.2,0.0,0.0,0.0,0.0,0.82,435.0,-2.1,Rain
-7.3,2.6,79.0,4.0,0.5,3.0,0.43,0.01,0.04,0.68,110.0,-5.949999999999999,Snow
-5.0,4.2,90.0,5.0,0.3,8.0,0.06,0.02,0.02,0.81,112.0,-3.05,Snow
-5.247285640549362,0.1,78.44701690705861,0.0,0.8533240411152472,0.0,0.12349761087133451,0.4,0.0945005054882185,0.297159582824883,105.0,-4.15428710024196,Ice
-6.337095375661573,0.5167094632668277,94.98909807000406,1.7844676158209973,1.9042281016583607,0.0,0.25,0.03458172485469249,0.14850977420809935,0.13,112.19873556195756,-7.283227110991025,Ice
6.2,1.1,88.0,0.0,0.0,0.0,0.0,0.0,0.0,0.82,411.0,9.8,Normal
-7.0,1.9,71.0,0.0,0.2,0.0,0.0,0.0,0.0,0.82,110.0,-3.35,Normal
1.8,2.0,100.0,1.0,9.0,0.0,0.51,0.02,0.04,0.67,109.0,-5.45,Rain
-9.055034115136309,4.952075295126052,86.12117436056938,2.084829728285185,1.4262948861338893,0.0,0.0,0.08617374483906251,0.1859502798017088,0.7060473955725457,105.0,-3.138235691894748,Ice
-16.9,0.1,56.0,0.0,0.0,0.0,0.0,0.0,0.0,0.82,442.0,-5.9,Normal
-3.1,2.2,98.0,4.0,1.2,4.0,0.0,0.27,0.13,0.35,109.0,-6.4,Snow
4.5,1.3,97.0,0.0,1.9,0.0,0.29,0.0,0.0,0.71,109.0,7.300000000000001,Rain
-6.5,5.4,76.0,4.0,0.4,0.0,0.25,0.0,0.0,0.73,112.0,-2.9,Snow
0.0,0.8,99.0,4.0,1.7,0.0,0.25,0.13,0.16,0.71,110.0,-2.1,Rain
-5.3,3.6,88.0,4.0,0.8,2.0,0.0,0.2,0.1,0.43,107.0,-2.25,Snow
-8.7,1.1,59.0,0.0,3.3,0.0,0.0,0.0,0.0,0.82,122.0,-1.9,Normal
-2.7,3.9,93.0,4.0,3.2,3.0,0.31,0.0,0.0,0.71,112.0,-1.2000000000000002,Snow
6.2,3.1,83.0,0.0,0.0,0.0,0.0,0.0,0.0,0.82,425.0,9.45,Normal
-2.1,1.4,69.0,0.0,0.0,0.0,0.01,0.0,0.0,0.82,412.0,0.8999999999999999,Rain
-4.0,1.8,98.0,4.0,0.2,4.0,0.07,0.02,0.03,0.81,112.0,-3.15,Snow
-7.464716038351108,2.9851317820569485,98.77440548120204,0.743668484264876,0.0,0.0,0.04509343529318567,0.11639485696668066,0.1176944607765383,0.5521743247266556,151.98620735521578,-6.66180932693238,Ice
-2.4,2.8,69.0,0.0,0.0,0.0,0.0,0.0,0.0,0.82,400.0,0.09999999999999987,Normal
-2.8,4.1,97.0,5.0,3.4,12.0,0.0,0.3,0.2,0.24,110.0,-1.4,Snow
-15.6,3.6,34.0,0.0,0.0,0.0,0.0,0.0,0.0,0.82,410.0,-6.0,Normal
-3.2,7.6,96.0,5.0,2.5,8.0,0.0,0.8,0.06,0.37,110.0,-2.1,Snow
-3.9,5.4,88.0,4.0,0.3,2.0,0.15,0.0,0.0,0.77,112.0,-1.55,Snow
4.7,2.5,93.0,0.0,6.7,0.0,0.01,0.0,0.0,0.82,12.0,4.55,Rain
-5.4,2.0,80.0,4.0,0.0,1.0,0.0,0.03,0.03,0.79,107.0,-1.6,Snow
-6.0,2.2,76.0,4.0,2.0,0.0,0.3,0.0,0.0,0.71,110.0,-2.1,Snow
-13.1,0.6,62.0,0.0,0.0,0.0,0.0,0.0,0.0,0.82,430.0,-8.9,Normal
6.5,2.2,56.0,0.0,0.0,0.0,0.0,0.0,0.0,0.82,402.0,8.8,Normal
-12.9,3.3,61.0,0.0,0.0,0.0,0.0,0.0,0.0,0.82,495.0,-8.8,Normal
-17.0,1.0,36.0,0.0,0.0,0.0,0.0,0.0,0.0,0.82,402.0,-6.5,Normal
-19.3,2.1,27.0,0.0,0.0,0.0,0.0,0.0,0.0,0.82,532.0,-4.95,Normal
-16.9,2.8,33.0,0.0,0.0,0.0,0.0,0.0,0.0,0.82,435.0,-7.05,Normal
-13.5,2.5,41.0,0.0,0.0,0.0,0.0,0.0,0.0,0.82,450.0,-5.699999999999999,Normal
-3.3,3.0,99.0,5.0,1.4,10.0,0.0,0.16,0.22,0.19,115.0,-1.15,Snow
-4.8,7.2,85.0,1.0,0.3,0.0,0.18,0.0,0.0,0.76,110.0,-2.4,Ice
-18.6,1.0,30.0,0.0,0.0,0.0,0.0,0.0,0.0,0.82,422.0,-5.55,Normal
-13.4,2.6,39.0,0.0,0.2,0.0,0.0,0.0,0.0,0.82,407.0,-2.85,Normal
4.0,3.1,87.0,0.0,17.2,0.0,0.19,0.0,0.0,0.75,112.0,0.3999999999999999,Rain
5.5,1.6,91.0,0.0,0.0,0.0,0.12,0.0,0.0,0.79,112.0,1.8000000000000003,Rain
3.9,1.7,82.0,0.0,0.0,0.0,0.0,0.0,0.0,0.82,425.0,5.55,Normal
-6.4,2.8,66.0,4.0,0.0,0.0,0.0,0.0,0.0,0.82,465.0,-6.3999999999999995,Normal
-4.0896868174382,2.7687702445659736,100.0,1.4737762449117493,1.005944360837266,0.0,0.0,0.2931615719287051,0.1053343494445526,0.3665267486672805,105.0,-10.328339994804761,Ice
-7.0,3.0,94.0,4.0,3.4,2.0,0.0,0.85,0.05,0.37,110.0,-16.35,Snow
7.9,2.9,67.0,0.0,0.0,0.0,0.0,0.0,0.0,0.82,400.0,9.1,Normal
-4.55786013402912,4.18895409344829,100.0,1.8592203719043328,0.7084768098612234,0.0,0.10549943802403036,0.27250044546921126,0.31465762776672446,0.4543470923612603,105.0,-6.558946009645703,Ice
5.4,2.5,99.0,0.0,1.8,0.0,0.09,0.0,0.0,0.8,112.0,0.8000000000000003,Rain
-3.1,1.8,62.0,0.0,0.0,0.0,0.0,0.0,0.0,0.82,397.0,0.7,Normal
-2.8,3.8,68.0,0.0,0.0,0.0,0.0,0.0,0.0,0.82,400.0,0.30000000000000004,Normal
-13.5,0.7,51.0,0.0,0.0,0.0,0.0,0.0,0.0,0.82,437.0,-7.3999999999999995,Normal
-4.3,5.3,96.0,4.0,0.5,6.0,0.0,0.2,0.12,0.36,107.0,-5.1,Snow
4.6,4.9,92.0,0.0,0.1,0.0,0.08,0.0,0.0,0.81,110.0,1.8,Rain
-7.0,5.5,73.0,4.0,0.2,1.0,0.0,0.0,0.0,0.82,112.0,-2.95,Snow
-13.8,0.3,54.0,0.0,0.0,0.0,0.0,0.0,0.0,0.82,495.0,-6.15,Normal
5.2,2.7,96.0,0.0,1.4,0.0,0.15,0.0,0.0,0.78,112.0,0.8500000000000001,Rain
4.9,3.4,91.0,0.0,0.0,0.0,0.07,0.0,0.0,0.81,112.0,1.9000000000000001,Rain
-8.602710902674376,1.4890407549104654,87.45665970275094,2.8883044295883114,0.0,0.0,0.0,0.18784294946058677,0.0,0.6212926632550999,105.0,-7.554966087182761,Ice
-14.0,0.3,70.0,0.0,0.1,0.0,0.0,0.0,0.0,0.82,402.0,-5.15,Normal
-14.6,1.3,45.0,0.0,0.0,0.0,0.0,0.0,0.0,0.82,435.0,-5.95,Normal
-10.9,0.4,68.0,0.0,0.0,0.0,0.0,0.0,0.0,0.82,417.0,-4.55,Normal
-1.1,0.49925919363061677,89.8843781374724,0.6266291369996604,0.0,0.0,0.0,0.0,0.26774063562472994,0.22104336475518072,105.0,-4.531796266688792,Ice
-6.7,3.0,73.0,4.0,0.0,1.0,0.0,0.0,0.0,0.82,150.0,-2.5,Snow
-5.6,1.3,84.0,4.0,0.4,2.0,0.21,0.0,0.0,0.74,110.0,-3.25,Snow
-3.0,5.9,100.0,6.0,1.6,12.0,0.0,0.22,0.34,0.12,110.0,-1.9000000000000001,Snow
4.8,2.0,98.0,0.0,6.1,0.0,0.07,0.0,0.0,0.81,110.0,1.5,Rain
-4.804660927075263,4.086492972023189,72.61876503545034,1.9456082546882776,5.027908495400934,0.0,0.0,0.03375486946956349,0.0,0.663223035916958,105.0,-7.295290512328802,Ice
-10.649314049712826,2.334254867330986,79.88894409920387,0.0,2.210000822867584,0.0,0.18635175304672616,0.053635654766639576,0.03495835189485981,0.82,143.2445681059603,-6.606194170816599,Ice
-1.7380155900307694,3.1811806353766814,74.01005660392224,3.0978771459197025,1.3680648375834117,0.0,0.10951884953429182,0.0,0.08493037723777962,0.7139488300599685,105.0,-5.886194101025385,Ice
4.9,1.7,86.0,0.0,7.4,0.0,0.25,0.0,0.0,0.72,110.0,1.9000000000000001,Rain
5.6,5.0,99.0,0.0,3.8,0.0,0.18,0.0,0.0,0.76,112.0,-1.5999999999999996,Rain
-16.1,0.2,56.0,0.0,0.0,0.0,0.0,0.0,0.0,0.82,162.0,-7.050000000000001,Normal
3.5,2.5,88.0,0.0,1.5,0.0,0.0,0.0,0.0,0.82,485.0,9.100000000000001,Normal
-3.0,4.5,100.0,5.0,2.7,4.0,0.0,0.19,0.07,0.43,110.0,-4.25,Snow
7.3,1.9,72.0,0.0,0.0,0.0,0.0,0.0,0.0,0.82,404.0,9.75,Normal
-4.8,3.6,92.0,4.0,0.6,4.0,0.02,0.07,0.14,0.3,112.0,-3.0999999999999996,Snow
-11.0,4.6,50.0,0.0,0.0,0.0,0.0,0.0,0.0,0.82,592.0,-4.75,Normal
-8.714418058911535,1.4926085206634014,91.09726843353222,2.944195576404697,1.0923081604731708,0.0,0.19235397324326037,0.20049136210146745,0.0,0.2043019763301353,121.39929239907417,-12.673203601461466,Ice
0.4,2.1,71.0,0.0,0.0,0.0,0.21,0.0,0.0,0.74,115.0,1.65,Rain
-15.9,1.2,44.0,0.0,0.0,0.0,0.0,0.0,0.0,0.82,425.0,-5.25,Normal
-5.8,4.3,83.0,4.0,1.5,0.0,0.0,0.08,0.1,0.41,110.0,-3.25,Snow
-1.1,1.1136999305259858,63.67648630362192,0.680270095000413,4.298100533019554,0.0,0.06956743907527056,0.0,0.09906713858715595,0.7001015480793238,249.94287995664814,-4.172239910202971,Ice
-10.1,1.7,56.0,0.0,0.0,0.0,0.0,0.0,0.0,0.82,455.0,-4.75,Normal
-8.2,3.2,70.0,0.0,0.0,0.0,0.0,0.0,0.0,0.82,412.0,-3.45,Normal
-18.7,3.7,32.0,0.0,0.0,0.0,0.0,0.0,0.0,0.82,110.0,-16.85,Snow
-3.484102399323696,3.050220820397304,64.5926334230312,2.9426801231644015,3.0205087032580233,0.0,0.0,0.0,0.03050015546174957,0.4490722756201052,152.61151506119268,-5.371346313973464,Ice
-3.7,3.6,76.0,0.0,0.0,0.0,0.0,0.0,0.0,0.82,425.0,-1.35,Normal
-2.3,1.3,74.0,0.0,0.0,0.0,0.0,0.0,0.0,0.82,110.0,-0.7000000000000002,Rain
-3.5,4.1,88.0,4.0,1.4,0.0,0.12,0.0,0.0,0.79,110.0,-0.8,Snow
-5.237348368701113,1.6482238480135214,90.13192982905228,0.02338991974867355,0.0,0.0,0.032115054219569304,0.06056457930808781,0.08830614114179393,0.7118517712157746,105.0,-1.3,Ice
-7.5,3.7,65.0,0.0,0.0,0.0,0.0,0.0,0.0,0.82,412.0,-3.3000000000000003,Normal
-4.576246376844501,1.6840615323806767,69.22299736342845,0.22718069426484178,2.5877546565157257,0.0,0.04467508315102596,0.07795406901319954,0.0,0.6649069089326292,143.95742049918235,-2.279309094290211,Ice
5.6,2.2,100.0,0.0,0.1,0.0,0.07,0.0,0.0,0.81,112.0,0.8500000000000001,Rain
5.4,0.8,100.0,0.0,5.6,0.0,0.33,0.0,0.0,0.7,112.0,0.8999999999999999,Rain
-3.3,2.7,100.0,5.0,1.9,24.0,0.0,0.32,0.17,0.3,112.0,-2.75,Snow
-14.4,1.8,70.0,0.0,0.0,0.0,0.0,0.0,0.0,0.82,466.0,-10.7,Normal
-6.2,3.4,75.0,4.0,0.1,0.0,0.03,0.0,0.0,0.82,112.0,-2.9499999999999997,Snow
2.9,2.6,94.0,0.0,0.0,0.0,0.0,0.0,0.0,0.82,150.0,4.75,Rain
-6.8,2.9,71.0,4.0,0.2,0.0,0.01,0.0,0.0,0.82,422.0,-2.85,Snow
4.6,2.2,97.0,0.0,1.3,0.0,0.1,0.0,0.0,0.8,112.0,6.6,Rain
-2.3,0.9,72.0,0.0,0.0,0.0,0.02,0.0,0.0,0.82,427.0,-0.30000000000000004,Rain
-7.532333203399027,0.1,92.5467818536905,1.038897442844831,1.0666677692401287,0.0,0.0,0.12223953318951551,0.0694874962874478,0.4631875798673552,145.9784579008878,-7.404552686038835,Ice
-2.3,5.2,97.0,4.0,0.9,1.0,0.14,0.02,0.04,0.78,110.0,-0.75,Snow
-1.34706742145617,3.089601410889277,100.0,0.0,1.0244416143092745,0.0,0.10234318876525353,0.0,0.0,0.16592950232344722,170.0224345652462,-1.3,Ice
-1.4,2.3,97.0,4.0,0.9,5.0,1.23,0.0,0.0,0.57,112.0,-3.9,Snow
-17.9,2.7,35.0,0.0,0.0,0.0,0.0,0.52,0.02,0.38,415.0,-17.5,Normal
-1.1,0.7542024179005122,79.96352990201407,0.0,1.6942556021259705,0.0,0.011504772219745815,0.0,0.17545146925665445,0.6851832315858606,271.2340480032058,-4.232963059283812,Ice
-5.261619173175952,2.5453393600723446,88.19032549378794,1.7148814920881423,3.290112165956577,0.0,0.014795176559359642,0.0,0.2119783223176976,0.82,157.13718026679695,-6.038394794539489,Ice
-1.8,4.1,99.0,5.0,7.0,8.0,0.06,0.14,0.14,0.34,110.0,-2.35,Snow
-13.6,2.0,51.0,0.0,0.0,0.0,0.0,0.0,0.0,0.82,475.0,-5.6,Normal
3.4,1.6,58.0,0.0,0.0,0.0,0.0,0.0,0.0,0.82,152.0,5.3999999999999995,Rain
-7.1,4.8,74.0,4.0,0.2,2.0,0.1,0.0,0.0,0.8,110.0,-3.4,Snow
1.4,1.9,100.0,1.0,16.3,0.0,0.4,0.05,0.12,0.68,112.0,-6.05,Rain
-1.9,5.3,97.0,5.0,3.0,7.0,0.0,0.18,0.18,0.24,110.0,-1.25,Snow
-14.3,0.5,60.0,0.0,0.0,0.0,0.0,0.0,0.0,0.82,422.0,-5.449999999999999,Normal
-2.4,2.1,94.0,4.0,4.4,12.0,0.19,0.06,0.15,0.74,503.0,-0.25,Snow
1.1,1.0,100.0,2.0,14.8,0.0,0.42,0.04,0.11,0.68,112.0,-6.2,Rain
-8.34345612067881,0.1,73.15309702945078,0.61395380915023,4.499503393912531,0.0,0.13765469709131967,0.0,0.16729855382327277,0.82,220.02196630844406,-12.412043572622238,Ice
-6.5,10.3,77.0,4.0,0.0,1.0,0.0,0.03,0.01,0.8,112.0,-4.65,Snow
-11.9,1.7,44.0,0.0,0.0,0.0,0.0,0.0,0.0,0.82,405.0,-4.65,Normal
-6.4,3.7,60.0,0.0,0.0,0.0,0.0,0.0,0.0,0.82,427.0,-2.35,Normal
6.0,1.1,100.0,0.0,9.8,0.0,0.17,0.0,0.0,0.77,112.0,1.6,Rain
-6.4,1.4,54.0,0.0,0.0,0.0,0.0,0.0,0.0,0.82,425.0,-0.8,Normal
-4.2,4.0,92.0,4.0,1.5,4.0,0.0,0.37,0.27,0.18,110.0,-5.45,Snow
4.7,0.7,99.0,0.0,0.9,0.0,0.13,0.0,0.0,0.78,110.0,1.1,Rain
-6.484684178235261,4.505286375566535,65.23534751427275,0.019074788587989833,1.7544217376766442,0.0,0.25,0.21508727124126037,0.3171987779807541,0.82,213.10441167620286,-4.498137151834811,Ice
-2.9,4.3,98.0,4.0,7.7,5.0,0.0,0.64,0.05,0.38,462.0,-3.5,Snow
-4.0,1.9,95.0,4.0,0.4,3.0,0.18,0.0,0.0,0.76,112.0,-2.6,Snow
-4.3,5.1,92.0,5.0,2.5,32.0,0.0,0.3,0.18,0.27,475.0,-2.1999999999999997,Snow
-4.522871302082907,3.9717316668724627,77.63957250054908,0.6465156631374445,0.9836433806112599,0.0,0.0,0.0,0.030031348179469383,0.82,105.0,-1.3,Ice
-2.3,5.9,99.0,4.0,0.8,3.0,0.0,0.14,0.2,0.21,112.0,-0.9500000000000001,Snow
3.1,2.4,44.0,0.0,0.0,0.0,0.01,0.0,0.0,0.82,395.0,8.6,Normal
-13.8,0.4,86.0,0.0,0.0,0.0,0.0,0.0,0.0,0.82,475.0,-9.9,Normal
5.4,5.9,93.0,0.0,4.1,0.0,0.11,0.0,0.0,0.8,112.0,2.15,Rain
-13.5,5.7,43.0,0.0,0.0,0.0,0.0,0.0,0.0,0.82,445.0,-5.55,Normal
5.6,3.0,100.0,0.0,3.9,0.0,0.18,0.0,0.0,0.76,112.0,0.19999999999999973,Rain
-16.0,2.6,35.0,0.0,0.0,0.0,0.0,0.0,0.0,0.82,406.0,-8.1,Normal
-5.9,3.6,86.0,4.0,0.2,2.0,0.03,0.0,0.0,0.82,112.0,-5.6000000000000005,Snow
5.3,2.0,94.0,0.0,0.0,0.0,0.05,0.0,0.0,0.82,112.0,1.6,Rain
5.6,5.0,90.0,0.0,0.0,0.0,0.02,0.0,0.0,0.82,112.0,2.7500000000000004,Rain
-1.1,4.7793188175178996,75.08591234770907,1.152491980671446,0.0,0.0,0.17135169452401727,0.29867371324609043,0.08362042047336703,0.13,157.40386924014743,-5.627129561051236,Ice
-1.1,4.141924669526434,96.39300642016784,1.6979755932208946,1.5670244890977516,0.0,0.005087062881425949,0.17495625220300381,0.28219245214774,0.5121606022043235,105.0,-2.822780568394565,Ice
3.9,0.3,80.0,0.0,0.0,0.0,0.0,0.0,0.0,0.82,395.0,7.2,Normal
-5.165509972217009,0.5898007293364511,50.67993197659686,2.3714058329229863,2.271938458118397,0.0,0.08884833064016281,0.18809930108121709,0.11458995246452797,0.5750307260747618,105.0,-1.3,Ice
-5.051687946613318,4.439871876273713,86.23875541380345,0.0,3.2827279359854744,0.0,0.13213569733666986,0.4,0.12233356303955867,0.379300086192519,163.15514992998945,-8.992552643619636,Ice
2.6,1.5,98.0,1.0,7.2,0.0,0.33,0.0,0.0,0.7,112.0,-1.1500000000000001,Rain
0.4,0.3,99.0,0.0,0.6,0.0,0.0,0.0,0.0,0.82,112.0,4.15,Rain
6.7,1.1,79.0,0.0,0.0,0.0,0.01,0.0,0.0,0.82,402.0,9.8,Normal
-4.2,1.4,86.0,4.0,3.5,4.0,0.35,0.0,0.0,0.69,110.0,-1.25,Rain
-9.1,2.2,63.0,0.0,0.0,0.0,0.0,0.0,0.0,0.82,145.0,-2.85,Normal
3.8,3.3,97.0,0.0,0.2,0.0,0.11,0.0,0.0,0.79,110.0,1.5,Rain
-1.6,2.4,72.0,0.0,0.0,0.0,0.0,0.0,0.0,0.82,397.0,0.6499999999999999,Rain
-16.7,1.9,30.0,0.0,0.2,0.0,0.0,0.0,0.0,0.82,485.0,-3.6,Normal
-17.2,1.0,47.0,0.0,0.0,0.0,0.0,0.0,0.0,0.82,110.0,-17.0,Snow
-5.5,6.2,87.0,4.0,0.3,2.0,0.18,0.0,0.0,0.76,110.0,-3.1,Snow
5.2,1.7,100.0,0.0,3.6,0.0,0.04,0.0,0.0,0.82,110.0,0.6499999999999999,Rain
-4.1,2.6,98.0,4.0,2.1,6.0,0.0,0.21,0.23,0.18,112.0,-8.55,Snow
-4.9,3.6,81.0,4.0,1.6,0.0,0.11,0.0,0.0,0.79,110.0,-0.9500000000000001,Snow
-3.759307246830886,5.5702334608557145,100.0,1.9516457294837224,4.596927426220455,0.0,0.0,0.18123622865993205,0.10843573820661678,0.82,120.70075078678828,-1.3,Ice
-1.4,5.0,87.0,1.0,0.3,0.0,0.09,0.0,0.0,0.81,110.0,-3.1999999999999997,Rain
5.0,1.8,97.0,0.0,0.8,0.0,0.19,0.0,0.0,0.75,112.0,1.4500000000000002,Rain
-16.8,1.8,30.0,0.0,1.4,0.0,0.0,0.0,0.0,0.82,440.0,-3.9499999999999997,Normal
2.1,2.2,100.0,1.0,7.5,0.0,0.37,0.03,0.07,0.69,112.0,-4.199999999999999,Rain
-5.14209614224886,4.4304175128878605,100.0,3.405916668698744,0.8013306558289085,0.0,0.02839896680042482,0.0,0.34710203134036166,0.82,144.10924804907052,-6.560699128221378,Ice
-4.5,1.9,68.0,0.0,0.0,0.0,0.0,0.0,0.0,0.82,110.0,-1.55,Normal
2.7,1.3,96.0,0.0,0.5,0.0,0.0,0.0,0.0,0.82,150.0,5.35,Rain
6.8,1.0,66.0,0.0,0.0,0.0,0.0,0.0,0.0,0.82,396.0,9.15,Rain
1.2,0.9,48.0,0.0,0.0,0.0,0.01,0.0,0.0,0.82,112.0,6.15,Rain
-4.1,1.7,94.0,4.0,0.6,2.0,0.11,0.01,0.02,0.8,112.0,-3.15,Snow
5.1,2.1,94.0,0.0,1.3,0.0,0.31,0.0,0.0,0.7,112.0,1.35,Rain
0.8,0.2,66.0,0.0,0.0,0.0,0.02,0.0,0.0,0.82,135.0,6.6000000000000005,Rain
-6.4,4.1,91.0,4.0,0.6,2.0,0.0,0.11,0.03,0.58,110.0,-15.45,Snow
-0.1,1.7,99.0,1.0,4.1,0.0,0.67,0.0,0.02,0.65,110.0,-4.75,Snow
-5.267758677201536,4.743525385453372,90.46465617195925,3.464462050650881,1.866037454823506,0.0,0.13624660635383046,0.0,0.07684922280025924,0.5013630774502219,245.96382816862666,-1.3,Ice
-6.2,2.0,92.0,4.0,0.8,0.0,0.0,0.44,0.04,0.38,110.0,-15.799999999999999,Snow
-10.0,4.8,57.0,4.0,0.0,0.0,0.0,0.0,0.0,0.82,115.0,-3.7,Snow
-3.5,5.1,93.0,4.0,1.7,1.0,0.0,0.71,0.09,0.37,115.0,-2.5,Snow
-0.1,0.9,100.0,1.0,4.3,0.0,0.03,0.73,0.22,0.3,110.0,-2.75,Snow
-8.589206231089575,1.5314431910199338,79.3338484678053,2.650868352315126,3.1417885764325693,0.0,0.08226673298385036,0.18370930187457202,0.0,0.17432348897336503,105.0,-2.588665015468383,Ice
-4.3,6.0,91.0,5.0,1.4,14.0,0.04,0.22,0.22,0.2,110.0,-2.25,Snow
-6.302055983552865,2.3644050193837463,80.77928569122892,0.0,1.0277564860158055,0.0,0.10091969632204055,0.19658095932522973,0.09339021876554311,0.6288503265493217,162.7555442582209,-7.962999258131282,Ice
-1.1,5.581631285018739,98.37933709383306,0.7237570570363583,2.348415728294623,0.0,0.0,0.36460427089905356,0.23385553264770959,0.6156918332362719,105.0,-1.3,Ice
-4.1,2.9,100.0,5.0,0.3,3.0,0.03,0.03,0.04,0.75,112.0,-3.2,Snow
-0.9,2.7,88.0,1.0,0.7,0.0,0.15,0.0,0.0,0.77,112.0,-4.1,Rain
-7.7,1.8,50.0,0.0,0.0,0.0,0.0,0.0,0.0,0.82,432.0,-0.95,Normal
1.8,6.6,93.0,1.0,3.0,0.0,0.98,0.0,0.0,0.61,112.0,-0.7,Rain
5.4,6.1,92.0,0.0,11.1,0.0,0.19,0.0,0.0,0.75,110.0,0.9500000000000002,Rain
-8.1,3.3,65.0,4.0,0.0,0.0,0.0,0.0,0.0,0.82,402.0,-6.5,Snow
4.3,5.9,91.0,0.0,0.0,0.0,0.07,0.0,0.0,0.81,112.0,2.6,Rain
0.1,0.3,100.0,1.0,6.7,0.0,0.14,0.83,0.33,0.26,112.0,-2.35,Snow
4.8,0.4,79.0,0.0,0.0,0.0,0.01,0.0,0.0,0.82,425.0,6.8999999999999995,Normal
-17.6,0.8,45.0,0.0,0.0,0.0,0.0,0.51,0.02,0.38,415.0,-16.3,Normal
-0.4,3.1,82.0,0.0,0.0,0.0,0.01,0.0,0.0,0.82,109.0,-0.19999999999999996,Rain
4.5,2.1,93.0,0.0,0.0,0.0,0.01,0.0,0.0,0.82,112.0,6.3500000000000005,Rain
-6.498348031412804,4.196246135116679,97.64292303073589,2.177181527170455,1.2961909432710053,0.0,0.17842885994997904,0.07298097054427627,0.0,0.6285186580525112,216.80981827203593,-9.863140073863601,Ice
4.1,2.8,98.0,0.0,0.7,0.0,0.16,0.0,0.0,0.77,112.0,0.9499999999999997,Rain
-2.3,4.2,95.0,4.0,5.4,2.0,0.25,0.06,0.1,0.72,112.0,-1.4,Snow
-5.3,7.5,74.0,4.0,0.0,0.0,0.0,0.0,0.0,0.82,410.0,-1.9499999999999997,Snow
-7.4,2.8,68.0,0.0,0.0,0.0,0.0,0.0,0.0,0.82,422.0,-2.55,Normal
-9.048861817840105,0.1,100.0,0.4434074313597851,2.148749908622805,0.0,0.1647289598367159,0.0,0.0,0.3814046853663665,260.43497641698764,-1.831879821290752,Ice
-15.1,0.6,42.0,0.0,0.0,0.0,0.0,0.0,0.0,0.82,462.0,-5.1000000000000005,Normal
-2.8,2.0,68.0,0.0,0.0,0.0,0.0,0.0,0.0,0.82,425.0,0.25,Normal
1.8,0.4,96.0,0.0,1.1,0.0,0.12,0.0,0.0,0.79,110.0,4.0,Rain
-3.2,2.2,100.0,6.0,3.9,31.0,0.0,0.26,0.18,0.27,110.0,-2.1,Snow
0.4,2.1,94.0,1.0,0.4,0.0,0.19,0.01,0.02,0.75,112.0,-1.3499999999999999,Rain
6.2,5.6,89.0,0.0,0.0,0.0,0.02,0.0,0.0,0.82,112.0,2.3,Rain
-5.50913954250956,2.971070701197596,72.42913096925938,3.0323090153395724,1.202436999880203,0.0,0.010109097105160239,0.07611808497547617,0.07508975222690005,0.47585524204092683,202.7942256265,-7.197964593328352,Ice
-17.2,1.3,36.0,0.0,0.2,0.0,0.0,0.0,0.0,0.82,182.0,-5.9,Normal
-7.679373251348989,4.3445726047293665,100.0,0.9822695076997654,0.5952132616924627,0.0,0.08636315556000848,0.0,0.19052994441067328,0.6012139395668857,105.0,-2.0388906325227674,Ice
-6.9,2.7,82.0,4.0,0.1,3.0,0.08,0.0,0.0,0.81,110.0,-6.9,Snow
-2.2,4.7,100.0,4.0,3.2,4.0,0.0,0.56,0.11,0.38,112.0,-2.4499999999999997,Snow
2.0,1.8,98.0,1.0,6.8,0.0,1.35,0.0,0.0,0.56,109.0,-5.35,Rain
5.8,0.5,87.0,0.0,0.0,0.0,0.0,0.0,0.0,0.82,392.0,9.05,Normal
4.7,2.2,98.0,0.0,0.8,0.0,0.18,0.0,0.0,0.76,110.0,1.0000000000000002,Rain
-14.9,1.2,43.0,0.0,1.0,0.0,0.0,0.0,0.0,0.82,597.0,-7.449999999999999,Normal
5.8,3.5,89.0,0.0,0.0,0.0,0.14,0.0,0.0,0.78,112.0,2.1999999999999997,Rain
-16.1,0.7,34.0,0.0,0.0,0.0,0.0,0.0,0.0,0.82,440.0,-5.949999999999999,Normal
4.0,0.6,87.0,0.0,0.0,0.0,0.0,0.0,0.0,0.82,425.0,9.95,Normal
-2.6,4.7,92.0,4.0,0.2,1.0,0.06,0.0,0.0,0.81,112.0,-2.0,Snow
-4.5,0.9,68.0,0.0,0.0,0.0,0.01,0.0,0.0,0.82,110.0,-1.3499999999999999,Rain
-3.2,4.8,92.0,4.0,5.6,2.0,0.22,0.0,0.01,0.74,110.0,-2.55,Snow
-4.360025524711009,1.2967788132588056,68.96016284882253,4.0,2.849184651029706,0.0,0.03087299548910534,0.33577433981278065,0.007799105583239069,0.614237225154821,117.50872395761282,-3.2107382161330804,Ice
0.8,1.1,75.0,0.0,0.3,0.0,0.34,0.0,0.0,0.7,110.0,0.6499999999999999,Rain
5.1,4.2,94.0,0.0,0.1,0.0,0.15,0.0,0.0,0.77,115.0,-0.5499999999999998,Rain
-5.2,1.4,88.0,4.0,0.7,4.0,0.0,0.24,0.13,0.34,115.0,-1.7,Snow
-6.402745648127748,5.551546301467262,54.71385875078072,0.9892650911106883,4.298171913852672,0.0,0.05001532566180109,0.15105615930903946,0.1286227963940966,0.5533489594067534,213.16959601082885,-1.3,Ice
-3.2,2.6,100.0,6.0,1.7,9.0,0.0,0.55,0.14,0.36,112.0,-1.7000000000000002,Snow
2.3,3.6,98.0,0.0,0.0,0.0,0.01,0.0,0.0,0.82,110.0,1.2,Normal
-16.7,2.8,32.0,0.0,0.0,0.0,0.0,0.0,0.0,0.82,565.0,-8.200000000000001,Normal
-3.3,1.9,98.0,4.0,2.1,1.0,0.0,0.8,0.1,0.37,112.0,-3.65,Snow
-1.1,6.244193368017316,69.11985224510684,2.2467918690633093,2.0942075233049846,0.0,0.0,0.16191084864916216,0.0,0.82,186.15254975709692,-5.62169428731107,Ice
-10.5,0.3,58.0,0.0,0.0,0.0,0.0,0.0,0.0,0.82,425.0,-3.8999999999999995,Normal
-5.262579291086235,5.523423076149788,97.72589059256767,1.5486478425533239,3.3889731779229066,0.0,0.10623302888260666,0.1445208168866548,0.02776699256040782,0.3175614218730004,105.0,-1.3,Ice
3.1,1.2,100.0,0.0,2.9,0.0,0.15,0.0,0.0,0.78,110.0,4.6,Rain
-16.5,0.9,38.0,0.0,0.0,0.0,0.0,0.0,0.0,0.82,432.0,-5.8,Normal
-5.7,5.9,73.0,4.0,0.1,0.0,0.0,0.0,0.0,0.82,407.0,-2.45,Snow
-5.3,4.9,89.0,4.0,0.5,3.0,0.22,0.03,0.11,0.74,109.0,-3.3,Snow
-4.981852856183398,3.442845503604722,88.98961855811373,0.0,0.744391868981736,0.0,0.23444373602774188,0.14819268436940694,0.28364078458394226,0.38071930102322105,143.06301339553136,-1.3,Ice
1.4,6.4,95.0,1.0,1.2,0.0,0.62,0.0,0.02,0.65,109.0,-1.3,Rain
-5.356349348355971,1.5712521061742795,80.06124803789298,0.9043161567210236,0.0,0.0,0.06500335243384088,0.2004463489211662,0.14316224605678635,0.82,163.27619077762887,-7.5489632065186285,Ice
1.4,1.6,57.0,0.0,0.0,0.0,0.01,0.0,0.0,0.82,484.0,4.8999999999999995,Normal
-4.1,3.3,94.0,4.0,1.1,0.0,0.0,0.63,0.12,0.37,112.0,-3.65,Snow
5.5,5.0,89.0,0.0,10.8,0.0,0.38,0.0,0.0,0.69,110.0,1.7500000000000002,Rain
-3.1,4.8,98.0,5.0,1.4,19.0,0.0,0.27,0.19,0.24,125.0,-0.85,Snow
-2.5,2.0,100.0,5.0,4.1,12.0,0.0,0.82,0.06,0.37,110.0,-3.0,Snow
5.2,3.1,93.0,0.0,2.2,0.0,0.2,0.0,0.0,0.75,485.0,1.0,Rain
1.4,3.2,95.0,0.0,0.9,0.0,0.0,0.0,0.0,0.82,415.0,4.7,Normal
5.6,2.9,100.0,0.0,8.5,0.0,0.47,0.0,0.0,0.67,110.0,-2.0,Rain
5.5,0.4,93.0,0.0,0.0,0.0,0.0,0.0,0.0,0.82,110.0,8.35,Rain
-1.2,4.2,91.0,1.0,0.3,0.0,0.62,0.0,0.0,0.65,110.0,-2.5500000000000003,Rain
7.8,0.5,77.0,0.0,0.0,0.0,0.0,0.0,0.0,0.82,430.0,9.0,Normal
5.0,3.0,100.0,0.0,5.7,0.0,0.4,0.0,0.0,0.69,110.0,-1.4999999999999996,Rain
4.7,1.5,98.0,0.0,1.2,0.0,0.13,0.0,0.0,0.78,110.0,1.4500000000000002,Rain
-16.2,4.2,31.0,0.0,0.0,0.0,0.09,0.0,0.0,0.8,445.0,-3.65,Normal
5.7,3.8,92.0,0.0,1.3,0.0,0.11,0.0,0.0,0.79,110.0,0.3999999999999999,Rain
-1.6280696905671452,3.943975577892304,100.0,1.4216540033863987,0.0,0.0,0.1400773536969278,0.0,0.18242714800561213,0.15929313028182873,105.0,-4.547407343098789,Ice
-6.55767857423311,0.1929276135338287,83.93032840733935,0.0,1.8772737487382116,0.0,0.021259875586262057,0.03250285218552726,0.16224897796472468,0.5162512898880505,105.0,-1.3,Ice
2.2,0.5,68.0,0.0,0.0,0.0,0.0,0.0,0.0,0.82,112.0,6.449999999999999,Rain
-5.110455978841563,4.156863253511757,70.88052888882376,0.7642747027345698,2.846648915849465,0.0,0.13780698074731385,0.16389868805605512,0.22909956570671877,0.5526858307731084,105.0,-4.754098343411697,Ice
-9.7765555961141,2.8856885970974835,75.46610391684273,2.5220346599434387,0.6335157062145552,0.0,0.0624881252311368,0.0,0.12730419141284774,0.5483758474348828,105.0,-7.0864115931585765,Ice
-9.462992336231306,2.9080084057384616,70.8937755673456,0.29381935868110265,4.469630285155389,0.0,0.014277078737381689,0.193378322041046,0.28043711252442427,0.19526526505943154,105.0,-1.3,Ice
1.3,1.9,100.0,0.0,0.3,0.0,0.05,0.0,0.0,0.82,110.0,6.5,Rain
-5.3,6.4,75.0,4.0,0.0,0.0,0.0,0.0,0.0,0.82,415.0,-2.0,Snow
1.2,7.3,92.0,1.0,1.3,0.0,0.57,0.0,0.0,0.66,112.0,-0.7999999999999998,Rain
-6.9,2.2,76.0,0.0,0.1,0.0,0.0,0.0,0.0,0.82,107.0,-3.75,Normal
-0.5,1.7,100.0,0.0,3.3,0.0,0.0,0.65,0.17,0.34,110.0,-2.5999999999999996,Snow
5.3,3.1,92.0,0.0,0.1,0.0,0.02,0.0,0.0,0.82,467.0,1.4499999999999997,Normal
5.7,4.3,89.0,0.0,0.0,0.0,0.35,0.0,0.0,0.7,110.0,2.4,Rain
0.2,0.3,100.0,1.0,4.2,0.0,0.08,0.06,0.09,0.68,112.0,-1.35,Rain
5.4,1.4,98.0,0.0,1.0,0.0,0.42,0.0,0.0,0.68,115.0,7.699999999999999,Rain
0.5,1.2,100.0,1.0,8.2,0.0,0.27,0.0,0.0,0.72,110.0,-2.1500000000000004,Rain
-1.9,1.3,68.0,0.0,0.0,0.0,0.1,0.0,0.0,0.8,400.0,0.4500000000000002,Rain
-1.7,4.0,100.0,4.0,4.5,6.0,0.0,0.18,0.28,0.15,125.0,-1.45,Snow
-3.2,3.7,92.0,4.0,4.0,0.0,0.0,1.27,0.04,0.36,110.0,-2.15,Snow
-8.9,2.8,64.0,4.0,0.0,0.0,0.0,0.0,0.0,0.82,105.0,-7.05,Snow
1.6,4.0,93.0,1.0,0.5,0.0,0.26,0.0,0.0,0.72,112.0,-0.1499999999999999,Rain
-7.435807638506401,2.3398358641371875,77.97221018670541,0.0,3.354358362652964,0.0,0.11468576308048797,0.0,0.0556637922120908,0.6191196292728172,131.20534960355536,-5.28498806178099,Ice
-4.724213132785711,2.085649372943568,95.48092862826282,0.3685740143554783,0.899733299918749,0.0,0.0,0.09609542028232786,0.14624997465615444,0.4003830699034472,105.0,-6.4277737646083715,Ice
-2.6,1.6,68.0,0.0,0.0,0.0,0.0,0.0,0.0,0.82,400.0,0.4500000000000002,Rain
-3.1,2.5,93.0,4.0,1.9,0.0,0.43,0.0,0.0,0.68,110.0,-1.55,Snow
1.0,1.0,53.0,0.0,0.0,0.0,0.01,0.0,0.0,0.82,455.0,5.3500000000000005,Rain
5.6,2.5,97.0,0.0,1.3,0.0,0.31,0.0,0.0,0.7,112.0,1.2999999999999998,Rain
4.7,0.7,94.0,0.0,0.0,0.0,0.0,0.0,0.0,0.82,450.0,6.95,Normal
3.5,1.9,58.0,0.0,0.0,0.0,0.0,0.0,0.0,0.82,422.0,5.65,Normal
-12.5,7.6,45.0,0.0,0.0,0.0,0.0,0.0,0.0,0.82,530.0,-4.3999999999999995,Normal
-4.464344673151963,2.5748377002766074,89.4516741350599,1.8518128004661518,3.4143850155382256,0.0,0.0,0.0,0.38,0.7820962135965983,105.0,-6.485435924342458,Ice
-8.1,1.6,64.0,0.0,0.0,0.0,0.0,0.0,0.0,0.82,387.0,-3.6,Normal
4.4,0.7,95.0,0.0,0.0,0.0,0.0,0.0,0.0,0.82,465.0,5.25,Normal
-16.7,2.3,32.0,0.0,0.0,0.0,0.0,0.0,0.0,0.82,417.0,-7.25,Normal
4.5,2.5,98.0,0.0,9.4,0.0,0.0,0.0,0.0,0.82,110.0,6.15,Rain
-9.60861793223065,4.561938203363584,80.71429180980454,1.3488460931369703,3.8981175902611938,0.0,0.1037421567279779,0.036748061425083176,0.0,0.7864438918083957,105.0,-2.1550603524651546,Ice
-3.2,3.4,98.0,4.0,2.7,5.0,0.0,0.36,0.18,0.28,107.0,-5.1499999999999995,Snow
-5.131443559948043,1.4541349505868226,90.69383266374142,0.0,3.1054307717021135,0.0,0.10398836044937075,0.17819716640852967,0.05032516859410647,0.6144202868939335,109.39708277173321,-2.638980951758923,Ice
-2.266326493040651,2.7235192081746433,61.77349225546997,1.558961482515361,1.3221622147511827,0.0,0.17533201103255347,0.0,0.22619223577753575,0.5418435270031022,163.27218323667813,-1.3,Ice
-6.5,2.0,60.0,0.0,0.0,0.0,0.0,0.0,0.0,0.82,396.0,-1.7,Normal
1.5,1.1,41.0,0.0,0.0,0.0,0.0,0.0,0.0,0.82,472.0,8.75,Normal
-3.4,4.3,88.0,4.0,2.5,5.0,0.09,0.0,0.0,0.8,110.0,-1.4,Snow
5.3,2.2,86.0,0.0,0.0,0.0,0.02,0.0,0.0,0.82,112.0,2.05,Rain
-0.7,4.1,96.0,4.0,0.8,7.0,1.26,0.0,0.0,0.57,112.0,-4.6000000000000005,Snow
-14.5,1.2,75.0,0.0,0.0,0.0,0.0,0.0,0.0,0.82,115.0,-12.5,Normal
-8.1,0.7,68.0,0.0,0.0,0.0,0.0,0.0,0.0,0.82,387.0,-2.8,Normal
-3.5,1.6,100.0,5.0,1.7,12.0,0.2,0.03,0.05,0.75,112.0,-2.6,Snow
-14.4,0.3,42.0,0.0,0.0,0.0,0.0,0.0,0.0,0.82,435.0,-3.9999999999999996,Normal
-4.4,1.7,99.0,4.0,1.0,12.0,0.0,0.87,0.02,0.37,112.0,-8.2,Snow
0.6,2.2,100.0,4.0,8.6,16.0,0.31,0.15,0.14,0.7,112.0,-3.25,Rain
-9.309312054124192,0.49682375254955735,55.67600684341641,1.5853708765674335,3.983294586343077,0.0,0.02004765734270475,0.39384959670170666,0.12494025379955463,0.6550870901453995,105.0,-6.804949016473888,Ice
-9.9,3.0,61.0,4.0,0.0,0.0,0.0,0.0,0.0,0.82,215.0,-6.3500000000000005,Snow
0.3,1.7,100.0,1.0,4.8,0.0,11.42,0.0,0.0,0.1,112.0,-2.75,Rain
-1.4601867749149546,1.4878979346646866,77.04453064658244,0.0,1.7413734521356623,0.0,0.09835123173945899,0.202975045688222,0.11543991217837817,0.82,105.0,-1.3,Ice
5.3,2.9,95.0,0.0,0.0,0.0,0.02,0.0,0.0,0.82,112.0,7.050000000000001,Rain
-8.7,4.6,59.0,0.0,0.0,0.0,0.0,0.0,0.0,0.82,117.0,-3.9,Normal
-9.6,1.6,65.0,0.0,0.0,0.0,0.0,0.0,0.0,0.82,110.0,-6.3999999999999995,Rain
-8.4,6.1,63.0,0.0,0.0,0.0,0.0,0.0,0.0,0.82,425.0,-2.65,Normal
-3.7,5.9,89.0,4.0,0.6,1.0,0.3,0.02,0.06,0.71,112.0,-1.55,Snow
4.9,3.3,94.0,0.0,2.7,0.0,0.32,0.0,0.0,0.7,112.0,-2.0,Rain
4.7,4.5,99.0,0.0,0.7,0.0,0.12,0.0,0.0,0.79,107.0,1.6,Rain
-12.154594247182779,6.661456052761289,78.64140957598813,0.27166174998204373,1.5066132095867608,0.0,0.2424067771302223,0.13813437480121613,0.07513829727875464,0.6731030980886887,105.0,-8.648508944665899,Ice
-4.563184273782917,0.23098782731409218,100.0,0.44596533731557064,1.340784998769173,0.0,0.04917980839178388,0.19361037777037454,0.0879056002144151,0.82,198.047587154136,-5.486429809552014,Ice
2.3,0.7,98.0,0.0,1.8,0.0,0.09,0.0,0.0,0.8,109.0,5.3999999999999995,Rain
-4.209357118162167,0.8003876324929586,65.59477115084779,1.5863217567363534,3.777222887813439,0.0,0.23531132701699442,0.17396953892162823,0.3105454826483931,0.6961792099463658,169.2622263512742,-5.989809437966553,Ice
-4.0,2.9,92.0,4.0,1.3,5.0,0.36,0.0,0.0,0.69,112.0,-1.95,Snow
-17.5,0.5,84.0,0.0,0.0,0.0,0.0,0.0,0.0,0.82,115.0,-9.5,Normal
6.1,4.1,87.0,0.0,0.0,0.0,0.12,0.0,0.0,0.79,112.0,2.5,Rain
-2.1,1.9,100.0,4.0,7.4,7.0,1.36,0.0,0.0,0.55,110.0,-2.1,Snow
-5.9,1.0,81.0,4.0,1.0,1.0,0.1,0.0,0.0,0.8,110.0,-3.4,Snow
5.0,1.8,93.0,0.0,0.1,0.0,0.08,0.0,0.0,0.81,112.0,1.4,Rain
-6.9,4.9,77.0,1.0,0.9,0.0,0.0,0.08,0.13,0.33,430.0,-3.4,Ice
2.6,2.1,98.0,0.0,7.1,0.0,0.62,0.0,0.0,0.65,112.0,-4.75,Rain
-8.7,0.3,63.0,0.0,0.8,0.0,0.0,0.0,0.0,0.82,420.0,-3.6,Normal
-15.9,3.6,32.0,0.0,0.0,0.0,0.0,0.0,0.0,0.82,440.0,-9.5,Normal
-4.079873296718247,6.130025917021687,82.46095915035214,0.21122220396280467,0.7080541398645117,0.0,0.06006994334742277,0.0,0.19421133853981987,0.34561314258904363,231.2811113605382,-4.388311585916729,Ice
5.4,4.2,97.0,0.0,2.3,0.0,0.21,0.0,0.0,0.74,115.0,0.7999999999999998,Rain
-6.3,7.1,78.0,1.0,0.7,0.0,0.0,0.0,0.0,0.82,110.0,-2.35,Rain
-4.684619104796833,0.8214124631711317,86.7670942567914,0.9845378680407474,3.295812039343136,0.0,0.08755131473397454,0.2424185855590707,0.09178788299319562,0.7373762888593584,185.6042270549464,-10.385025900814133,Ice
3.5,2.1,43.0,0.0,0.0,0.0,0.0,0.0,0.0,0.82,407.0,8.95,Normal
1.2,5.3,96.0,1.0,0.7,0.0,2.46,0.0,0.07,0.38,112.0,-1.65,Rain
0.1,1.0,100.0,4.0,6.4,4.0,0.03,0.95,0.1,0.37,112.0,-2.35,Snow
-1.4685486422043645,2.6010795138560834,72.58110281928003,0.0,2.155432392525676,0.0,0.015452811401060466,0.023787403521692632,0.25412596157181283,0.7862488024774972,105.0,-2.2162798639497585,Ice
-7.0,2.4,56.0,0.0,0.0,0.0,0.0,0.0,0.0,0.82,105.0,-1.4499999999999997,Rain
-13.4,0.8,66.0,0.0,0.0,0.0,0.0,0.0,0.0,0.82,461.0,-10.1,Normal
-2.2,1.3,99.0,4.0,1.5,10.0,0.44,0.02,0.05,0.68,110.0,-0.7499999999999999,Snow
-5.2,5.7,90.0,5.0,1.2,14.0,0.0,0.17,0.16,0.27,112.0,-1.8,Snow
-5.8,9.2,72.0,0.0,0.0,0.0,0.0,0.0,0.0,0.82,406.0,-3.05,Normal
-7.5,5.3,70.0,0.0,0.3,0.0,0.0,0.0,0.0,0.82,438.0,-3.0500000000000003,Normal
6.0,0.1,62.0,0.0,0.1,0.0,0.0,0.0,0.0,0.82,397.0,9.200000000000001,Normal
3.2,0.5,98.0,0.0,3.9,0.0,0.01,0.0,0.0,0.82,287.0,6.4,Rain
4.1,0.5,98.0,0.0,3.0,0.0,0.26,0.0,0.0,0.72,110.0,6.6,Rain
-5.7,4.6,92.0,5.0,2.7,19.0,0.0,0.15,0.12,0.36,110.0,-2.65,Snow
-4.698730906383935,5.965965595505158,100.0,0.0,1.4824386791021984,0.0,0.15371144643949036,0.015695984650323416,0.14530638295951503,0.4548176334730222,247.45375155099475,-1.3,Ice
-5.1,1.4,89.0,4.0,1.1,2.0,0.0,0.14,0.23,0.18,115.0,-1.7,Snow
-0.7,1.6,85.0,0.0,0.0,0.0,0.0,0.0,0.0,0.82,401.0,0.0,Rain
-1.1,0.1,83.19143342626654,2.041751716056052,0.4757144518848573,0.0,0.1676461796781522,0.0,0.11832597860522416,0.814527223459877,105.0,-4.491690780904879,Ice
-2.9764309962971884,2.5957387096713855,97.54528682692832,1.199484494430647,2.2217585312510844,0.0,0.13635524036576713,0.2667912530124488,0.0,0.82,192.97309265239906,-1.3,Ice
5.4,3.6,96.0,0.0,0.3,0.0,0.14,0.0,0.0,0.78,112.0,0.7999999999999998,Rain
3.1,2.0,96.0,1.0,0.9,0.0,0.09,0.0,0.0,0.8,110.0,0.050000000000000044,Rain
-2.2,1.6,100.0,1.0,1.7,0.0,0.07,0.15,0.18,0.29,112.0,-2.85,Snow
-10.5,5.7,56.0,0.0,0.0,0.0,0.0,0.0,0.0,0.82,442.0,-8.15,Normal
-15.4,0.5,45.0,0.0,0.0,0.0,0.0,0.0,0.0,0.82,375.0,-7.45,Rain
-7.857811826808513,5.306743069195292,76.64530162325562,1.8960649552842055,0.0,0.0,0.0,0.1589861848184567,0.28108929687047357,0.82,105.0,-4.898436748594357,Ice
-9.3,3.8,62.0,0.0,0.1,0.0,0.0,0.0,0.0,0.82,412.0,-5.6000000000000005,Normal
6.3,1.8,58.0,0.0,0.0,0.0,0.0,0.0,0.0,0.82,395.0,9.3,Normal
-9.637025677188717,0.7070834499080196,84.15557767725176,0.9450856954501872,2.243780044464661,0.0,0.10655754288629174,0.4,0.04346091670620193,0.7780075882989453,105.0,-4.394370370179085,Ice
5.1,3.4,92.0,0.0,0.0,0.0,0.07,0.0,0.0,0.81,112.0,0.19999999999999973,Rain
4.7,5.6,93.0,0.0,1.5,0.0,0.23,0.0,0.0,0.73,497.0,1.65,Normal
-2.8,5.2,100.0,5.0,3.3,6.0,0.0,0.22,0.46,0.11,110.0,-1.9000000000000001,Snow
-5.6,3.4,73.0,4.0,0.1,1.0,0.02,0.0,0.0,0.82,402.0,-2.6500000000000004,Rain
4.9,1.2,94.0,0.0,0.1,0.0,0.07,0.0,0.0,0.81,112.0,0.04999999999999982,Rain
-1.1,0.5245332997772723,86.91481388507378,0.7157291170264304,0.0,0.0,0.07673387166605983,0.2134116549096128,0.03470410704762179,0.8076481061727748,105.0,-1.3,Ice
1.6,1.3,49.0,0.0,0.0,0.0,0.01,0.0,0.0,0.82,122.0,5.65,Rain
-2.9,3.4,100.0,5.0,2.2,24.0,0.0,0.49,0.12,0.37,110.0,-1.7,Snow
-2.7,3.7,93.0,4.0,0.3,3.0,0.16,0.01,0.02,0.77,110.0,-2.15,Snow
-10.632047219474813,2.969078207297309,79.05572153496763,1.2089839339801522,0.0,0.0,0.06404738650708103,0.10906656005124003,0.146809233372251,0.82,105.0,-4.94226981552972,Ice
-16.7,2.8,35.0,0.0,1.5,0.0,0.0,0.0,0.0,0.82,115.0,-3.0999999999999996,Rain
-12.7,5.7,47.0,0.0,0.0,0.0,0.0,0.0,0.0,0.82,438.0,-8.6,Normal
-8.1,2.2,49.0,0.0,0.1,0.0,0.0,0.0,0.0,0.82,432.0,-1.0,Normal
-3.1,2.8,70.0,0.0,0.0,0.0,0.0,0.0,0.0,0.82,390.0,-0.1499999999999999,Normal
-6.1,1.5,82.0,4.0,0.3,1.0,0.07,0.0,0.0,0.81,110.0,-3.25,Snow
-6.1,7.0,80.0,4.0,0.7,1.0,0.0,0.0,0.0,0.82,110.0,-2.35,Snow
-1.1,3.7196286137427355,100.0,1.4341760773428833,0.7646246670943769,0.0,0.0023223405567305427,0.0,0.25806749480732616,0.5482866771096239,174.46478561231154,-8.70861319577718,Ice
-14.0,0.3,73.0,0.0,0.0,0.0,0.0,0.0,0.0,0.82,440.0,-5.800000000000001,Normal
4.2,3.2,93.0,0.0,0.0,0.0,0.0,0.0,0.0,0.82,110.0,8.15,Normal
3.7,0.7,93.0,0.0,0.0,0.0,0.0,0.0,0.0,0.82,130.0,8.95,Normal
3.7,2.6,49.0,0.0,0.0,0.0,0.01,0.0,0.0,0.82,112.0,6.800000000000001,Normal
-16.5,3.9,31.0,0.0,0.0,0.0,0.0,0.0,0.0,0.82,112.0,-9.4,Rain
-8.8,5.7,67.0,4.0,0.0,0.0,0.0,0.0,0.0,0.82,442.0,-3.4499999999999997,Snow
-9.00316993647169,2.4525292057349217,100.0,0.7529367783947647,0.42919836360746055,0.0,0.0,0.21401535191972026,0.05473726159793348,0.2569979720463989,162.25111919278103,-13.751747286579853,Ice
4.7,6.2,98.0,0.0,1.8,0.0,0.0,0.0,0.0,0.82,110.0,0.5,Rain
5.1,5.6,92.0,0.0,3.8,0.0,0.32,0.0,0.0,0.7,109.0,1.15,Rain
2.3,2.2,46.0,0.0,0.0,0.0,0.0,0.0,0.0,0.82,562.0,6.25,Normal
4.4,3.4,98.0,0.0,0.7,0.0,0.22,0.0,0.0,0.74,110.0,1.0499999999999998,Rain
6.0,2.3,93.0,0.0,7.4,0.0,0.25,0.0,0.0,0.72,110.0,1.8,Rain
2.1,0.5,94.0,0.0,0.0,0.0,0.26,0.0,0.0,0.72,112.0,1.05,Rain
-7.857493568644509,5.526668892230841,71.43327770917465,0.0,1.1244477585890822,0.0,0.10187766086412399,0.08887157062824295,0.13178509463901683,0.3053406284017206,105.0,-1.3,Ice
-6.9,8.3,69.0,4.0,0.0,0.0,0.0,0.0,0.0,0.82,427.0,-2.55,Snow
3.7,5.4,84.0,0.0,4.6,0.0,0.35,0.0,0.0,0.7,112.0,1.25,Rain
-10.599870088523435,4.961876871440591,82.32708213122243,0.5965236555381701,1.959583023458862,0.0,0.10072019863893317,0.0,0.16625933611724486,0.13,105.0,-5.669467919496725,Ice
5.5,3.1,100.0,0.0,0.1,0.0,0.14,0.0,0.0,0.78,110.0,1.2000000000000002,Rain
-4.8,3.8,91.0,4.0,0.4,2.0,0.14,0.0,0.0,0.78,110.0,-6.2,Snow
5.8,1.6,66.0,0.0,0.0,0.0,0.0,0.0,0.0,0.82,112.0,8.6,Normal
3.2,1.9,100.0,0.0,9.1,0.0,0.46,0.01,0.02,0.67,109.0,-4.75,Rain
-8.791700385610373,4.494426459299509,89.9317567574737,1.7921273888337579,2.9220957471238362,0.0,0.061032543964645955,0.0026200900966733554,0.17087324301372014,0.2872522512522597,137.2863483833835,-6.967621004767512,Ice
-4.027519118587133,5.732168936309458,86.9103568427669,1.3226895266599004,0.2894253322236,0.0,0.01953892383535221,0.10932773118925464,0.005823379560613046,0.82,105.0,-10.749215312831138,Ice
3.7,1.3,90.0,0.0,0.0,0.0,0.01,0.0,0.0,0.82,395.0,4.7,Rain
-18.6,0.2,34.0,0.0,0.0,0.0,0.0,0.0,0.0,0.82,405.0,-5.9,Normal
-5.6,4.0,86.0,4.0,1.9,2.0,0.23,0.0,0.0,0.73,112.0,-3.3,Snow
1.0,0.8,67.0,0.0,0.0,0.0,0.01,0.0,0.0,0.82,460.0,5.7,Rain
-4.6,5.8,86.0,4.0,0.2,1.0,0.0,0.02,0.01,0.81,109.0,-1.7500000000000002,Snow
-3.6,5.9,87.0,4.0,0.9,0.0,0.27,0.0,0.0,0.72,115.0,-1.0,Snow
-10.239826405144235,4.76279175848194,94.83007934884462,3.5224823134223575,0.9796178065561562,0.0,0.0,0.0,0.10734511980784987,0.39097139966290095,192.31007667165505,-5.047419840684955,Ice
-3.4,3.0,98.0,6.0,2.6,25.0,0.0,0.24,0.35,0.13,110.0,-1.7999999999999998,Snow
3.5,2.0,87.0,0.0,0.0,0.0,0.0,0.0,0.0,0.82,492.0,9.2,Normal
-10.4,5.0,55.0,4.0,0.0,0.0,0.0,0.0,0.0,0.82,462.0,-7.699999999999999,Snow
-13.9,3.1,40.0,0.0,1.0,0.0,0.0,0.0,0.0,0.82,122.0,-5.2,Normal
5.9,5.2,100.0,0.0,0.3,0.0,0.16,0.0,0.0,0.77,107.0,-0.2999999999999998,Rain
5.6,2.7,90.0,0.0,0.0,0.0,0.17,0.0,0.0,0.76,112.0,2.5,Rain
5.3,1.4,95.0,0.0,0.3,0.0,0.27,0.0,0.0,0.72,110.0,7.4,Rain
-13.9,0.3,87.0,0.0,0.4,0.0,0.0,0.0,0.0,0.82,477.0,-9.6,Normal
5.8,2.5,100.0,0.0,0.1,0.0,0.06,0.0,0.0,0.81,112.0,0.8500000000000001,Rain
-2.3,1.9,100.0,4.0,6.4,6.0,0.0,0.8,0.1,0.37,347.0,-7.4,Snow
-8.787307701199646,1.379678606539973,80.90669513850408,0.35284791396747084,3.1482783022135434,0.0,0.0774722234208928,0.1576750227934916,0.15000071178260552,0.5868557787683508,105.0,-3.028388670025377,Ice
-2.4195906509621867,0.5072658976897184,93.71905200348759,3.151696904359425,2.685399032467779,0.0,0.15335682322333935,0.0,0.24632708078911322,0.6004505537459239,157.33482129421844,-9.56604398897299,Ice
0.7,1.6,100.0,0.0,0.1,0.0,0.0,0.0,0.0,0.82,112.0,-0.6,Rain
5.1,3.2,99.0,0.0,3.5,0.0,0.25,0.0,0.0,0.73,112.0,-1.7500000000000004,Rain
-13.8,1.9,57.0,0.0,0.0,0.0,0.0,0.0,0.0,0.82,419.0,-9.6,Normal
-2.6,4.5,95.0,4.0,6.1,0.0,0.78,0.0,0.0,0.64,112.0,-2.3000000000000003,Snow
7.9,1.0,66.0,0.0,0.4,0.0,0.0,0.0,0.0,0.82,112.0,9.049999999999999,Rain
-6.131077121526543,2.6469983855684474,79.30281806560488,2.6900544274266163,2.9704893355421165,0.0,0.018150148534889686,0.28214505664100303,0.0,0.13,142.49828868318042,-6.99031946088776,Ice
4.0,3.8,94.0,0.0,3.4,0.0,0.36,0.0,0.0,0.69,112.0,-2.5999999999999996,Rain
-7.7,4.0,72.0,4.0,0.1,1.0,0.0,0.0,0.0,0.82,464.0,-4.2,Snow
5.5,3.7,99.0,0.0,11.2,0.0,0.24,0.0,0.0,0.73,112.0,0.8500000000000001,Rain
4.3,1.0,57.0,0.0,0.0,0.0,0.0,0.0,0.0,0.82,440.0,6.6,Normal
-2.8,0.9,70.0,0.0,0.0,0.0,0.0,0.0,0.0,0.82,110.0,-0.10000000000000009,Rain
-1.1,0.6743332850521018,100.0,0.0,0.0,0.0,0.15562901084524083,0.3726673273314392,0.14386358072751204,0.30117695207540696,105.0,-6.376126971967741,Ice
3.2,0.9,100.0,1.0,10.4,0.0,0.23,0.0,0.0,0.73,110.0,-0.09999999999999987,Rain
-16.6,0.3,38.0,0.0,0.0,0.0,0.0,0.0,0.0,0.82,407.0,-5.5,Normal
-6.3,2.1,69.0,0.0,0.0,0.0,0.01,0.0,0.0,0.82,110.0,-2.95,Normal
5.1,2.8,95.0,0.0,6.7,0.0,0.35,0.0,0.0,0.7,112.0,0.6000000000000001,Rain
-1.1,0.9,70.0,0.0,0.0,0.0,0.05,0.0,0.0,0.82,110.0,0.55,Rain
1.2,1.3,100.0,1.0,10.2,0.0,0.42,0.0,0.0,0.68,112.0,-2.0500000000000003,Rain
4.9,2.5,94.0,0.0,0.0,0.0,0.23,0.0,0.0,0.73,112.0,1.5,Rain
0.3,3.2,34.0,0.0,0.0,0.0,0.0,0.0,0.0,0.82,407.0,9.299999999999999,Normal
-2.8,7.2,95.0,4.0,3.4,2.0,0.0,0.71,0.12,0.37,110.0,-2.1,Snow
-1.1,4.242484450395164,78.77525919328302,1.7829129864911977,6.255986791021202,0.0,0.04792077410143991,0.0,0.24312972276050396,0.6678299645479865,139.13127438253943,-1.3,Ice
5.1,2.1,100.0,0.0,0.3,0.0,0.0,0.0,0.0,0.82,112.0,7.0,Rain
0.2,1.6,73.0,0.0,0.0,0.0,0.1,0.0,0.0,0.8,112.0,1.15,Rain
6.3,1.1,88.0,0.0,0.0,0.0,0.0,0.0,0.0,0.82,112.0,9.149999999999999,Rain
-5.6,7.1,73.0,4.0,0.0,0.0,0.0,0.0,0.0,0.82,397.0,-2.95,Snow
4.1,1.2,98.0,0.0,0.4,0.0,0.17,0.0,0.0,0.76,110.0,6.550000000000001,Rain
-16.0,0.9,38.0,0.0,0.0,0.0,0.0,0.0,0.0,0.82,443.0,-4.3500000000000005,Normal
-1.3066407509102786,1.9951853228544658,92.53176359467449,2.896877545961928,1.307400746073477,0.0,0.06294466398793902,0.043257541357237694,0.1269897985330731,0.7420452209827932,184.9471746235071,-9.66570642299564,Ice
3.0,2.8,99.0,0.0,8.8,0.0,0.43,0.0,0.0,0.68,112.0,-4.050000000000001,Rain
-10.43824547857702,0.1,81.29272129503083,2.299453682227063,2.9195525084555034,0.0,0.10210756250668923,0.01674036300855848,0.02499690205589833,0.13,105.0,-9.229025254932584,Ice
-4.497907279423378,0.1,84.68242030800413,1.3154753838560889,3.739631860444246,0.0,0.13772406569968387,0.11371869748843401,0.026108183216547967,0.40618539908039436,105.0,-1.3,Ice
-12.5,1.2,45.0,0.0,0.0,0.0,0.0,0.0,0.0,0.82,110.0,-4.5,Normal
-5.58221281249309,6.443508493089336,80.06773267137987,0.5930008943945189,2.853263069863056,0.0,0.02130574230352298,0.0,0.09458476284343731,0.82,133.68160787370317,-6.9965052073830245,Ice
-5.54008170297757,4.464792859082646,62.394899051947824,2.701100767705639,0.881593818801985,0.0,0.0,0.0,0.06388898901098292,0.82,129.26574397272637,-6.558764422100044,Ice
7.0,0.8,64.0,0.0,0.0,0.0,0.0,0.0,0.0,0.82,395.0,8.65,Normal
3.5,1.0,98.0,0.0,0.1,0.0,0.09,0.0,0.0,0.8,112.0,1.3499999999999999,Rain
6.7,2.8,93.0,0.0,0.0,0.0,0.02,0.0,0.0,0.82,307.0,9.9,Rain
3.8,2.1,51.0,0.0,0.0,0.0,0.0,0.0,0.0,0.82,377.0,6.8,Rain
-8.154400779055445,2.11875427899332,83.2122270335829,2.4823671478425324,3.3963330943748544,0.0,0.013931921856620018,0.0,0.0,0.4110334405735262,176.39066038640965,-8.782099618152516,Ice
2.4,2.6,74.0,0.0,0.0,0.0,0.0,0.0,0.0,0.82,470.0,5.699999999999999,Normal
-3.7,5.3,95.0,5.0,4.6,10.0,0.0,0.34,0.25,0.2,112.0,-2.0500000000000003,Snow
-1.5476450977523353,3.079689109247732,100.0,1.0576209394225315,0.0,0.0,0.1602322851008717,0.0,0.21687644298466735,0.5834845856913734,105.0,-9.01194952794852,Ice
7.2,0.3,83.0,0.0,0.0,0.0,0.0,0.0,0.0,0.82,430.0,8.8,Normal
-12.2,0.3,46.0,0.0,0.1,0.0,0.0,0.0,0.0,0.82,420.0,-3.1,Normal
0.8,2.9,92.0,1.0,1.0,0.0,0.09,0.0,0.0,0.8,107.0,-1.0,Rain
-5.4,6.7,77.0,4.0,0.3,0.0,0.0,0.0,0.0,0.82,110.0,-2.3000000000000003,Snow
6.5,1.2,76.0,0.0,0.0,0.0,0.0,0.0,0.0,0.82,385.0,8.35,Normal
-18.0,0.5,84.0,0.0,0.0,0.0,0.0,0.0,0.0,0.82,505.0,-11.05,Normal
-1.6,1.3,96.0,4.0,3.5,0.0,0.01,0.11,0.15,0.29,109.0,-5.449999999999999,Ice
4.5,1.0,98.0,0.0,1.9,0.0,0.12,0.0,0.0,0.79,112.0,7.3,Rain
3.8,3.2,100.0,0.0,6.9,0.0,0.4,0.0,0.0,0.69,110.0,-4.550000000000001,Rain
-4.6,4.0,92.0,5.0,1.2,3.0,0.33,0.04,0.04,0.7,112.0,-3.15,Snow
-3.5,2.8,90.0,4.0,4.6,0.0,0.17,0.0,0.0,0.76,112.0,-2.25,Rain
4.9,2.8,94.0,0.0,0.9,0.0,0.12,0.0,0.0,0.79,105.0,7.35,Rain
0.2,1.7,85.0,0.0,0.0,0.0,0.02,0.0,0.0,0.82,470.0,-0.30000000000000027,Normal
3.2,1.4,98.0,0.0,0.0,0.0,0.01,0.0,0.0,0.82,395.0,5.3999999999999995,Rain
7.4,1.0,60.0,0.0,0.0,0.0,0.0,0.0,0.0,0.82,117.0,9.0,Rain
-24.2,0.2,81.0,0.0,0.0,0.0,0.0,0.52,0.02,0.38,420.0,-16.3,Normal
-17.8,4.6,31.0,0.0,0.0,0.0,0.0,0.0,0.0,0.82,417.0,-11.15,Normal
-1.1,1.5,72.0,1.0,0.0,0.0,0.0,0.0,0.0,0.82,110.0,0.7,Normal
-14.6,2.7,39.0,0.0,0.0,0.0,0.0,0.0,0.0,0.82,427.0,-6.25,Normal
0.3,1.7,100.0,1.0,2.0,0.0,0.33,0.0,0.0,0.7,110.0,-2.55,Rain
6.4,1.9,61.0,0.0,0.0,0.0,0.0,0.0,0.0,0.82,400.0,9.8,Normal
3.6,4.5,99.0,1.0,1.8,0.0,0.47,0.0,0.0,0.67,110.0,-0.25,Rain
-1.1,1.6440495390872834,65.84542586179735,1.422978891990447,0.0,0.0,0.12989207432014505,0.0,0.0,0.6520986961509103,219.0172018962449,-7.71048277434096,Ice
5.8,4.6,89.0,0.0,0.0,0.0,0.03,0.0,0.0,0.82,112.0,2.05,Rain
-1.1,4.4135694985248275,85.45225339201548,0.7319795310283155,2.6340984119802604,0.0,0.13615237235823777,0.13154399264441738,0.012241932828030044,0.3559239513784485,105.0,-1.6793412714911504,Ice
-13.6,0.8,42.0,0.0,0.3,0.0,0.0,0.0,0.0,0.82,487.0,-3.75,Normal
4.8,3.2,90.0,0.0,0.1,0.0,0.28,0.0,0.0,0.71,115.0,-0.04999999999999982,Rain
-13.0,3.4,47.0,0.0,0.0,0.0,0.0,0.0,0.0,0.82,482.0,-6.8,Normal
5.9,4.3,98.0,0.0,0.1,0.0,0.02,0.0,0.0,0.82,110.0,7.5,Rain
-6.2,1.8,93.0,4.0,1.0,1.0,0.0,1.74,0.02,0.35,110.0,-15.799999999999999,Snow
-8.7972120093924,3.974169682402141,83.94621095104964,0.7188782449358107,1.3952542327779645,0.0,0.009130570852633114,0.17164226207787175,0.0,0.82,105.0,-5.959548195264829,Ice
5.8,1.5,100.0,0.0,10.4,0.0,0.19,0.0,0.0,0.75,162.0,1.0499999999999998,Rain
2.4,1.5,97.0,0.0,4.9,0.0,0.01,0.0,0.0,0.82,110.0,5.949999999999999,Rain
-15.8,3.3,34.0,0.0,0.0,0.0,0.0,0.0,0.0,0.82,112.0,-7.6,Normal
-3.0,4.9,93.0,4.0,1.1,4.0,0.19,0.0,0.0,0.75,110.0,-1.4,Snow
3.5,1.0,100.0,1.0,8.9,0.0,0.37,0.0,0.0,0.69,112.0,-2.1,Rain
-6.5,2.0,79.0,0.0,0.1,0.0,0.0,0.0,0.0,0.82,460.0,-3.55,Rain
-3.1455463063368883,0.7009288737665362,88.79037687935171,0.0,4.170980572746679,0.0,0.031534111158758316,0.13091886238495226,0.027113170446987814,0.5921228247995586,222.29210745478414,-4.577382059476039,Ice
-13.8,2.8,35.0,0.0,0.1,0.0,0.0,0.0,0.0,0.82,417.0,-2.75,Normal
-6.1,3.3,62.0,0.0,0.0,0.0,0.0,0.0,0.0,0.82,405.0,-0.5,Normal
-3.4,2.7,97.0,5.0,1.5,7.0,0.0,0.36,0.1,0.38,430.0,-3.2,Snow
5.8,3.3,88.0,0.0,0.0,0.0,0.04,0.0,0.0,0.82,112.0,2.2499999999999996,Rain
0.0,1.1,99.0,4.0,1.5,5.0,0.04,0.23,0.2,0.23,110.0,-2.1,Snow
-8.5,5.6,62.0,4.0,0.1,0.0,0.0,0.0,0.0,0.82,115.0,-2.95,Rain
-7.1,5.8,74.0,4.0,0.1,2.0,0.0,0.0,0.0,0.82,415.0,-5.1,Snow
5.0,4.1,100.0,0.0,4.2,0.0,0.29,0.0,0.0,0.71,110.0,-2.15,Rain
3.0,2.6,93.0,0.0,13.2,0.0,0.35,0.0,0.0,0.7,110.0,1.15,Rain
-4.517794860936191,4.559970625193694,70.9658505060237,0.7189176667150992,2.1808397039455247,0.0,0.009733848588787675,0.014740440920238573,0.04167643838617233,0.5731189250585573,173.31203619553386,-9.098157702506525,Ice
-15.5,0.4,75.0,0.0,0.0,0.0,0.0,0.0,0.0,0.82,115.0,-7.15,Normal
-12.2,2.2,44.0,0.0,0.0,0.0,0.0,0.0,0.0,0.82,400.0,-5.2,Normal
-16.8,1.8,30.0,0.0,1.4,0.0,0.0,0.0,0.0,0.82,440.0,-3.9499999999999997,Normal
-5.8,1.3,63.0,0.0,0.0,0.0,0.0,0.0,0.0,0.82,412.0,-1.75,Normal
-7.2,5.4,75.0,4.0,0.4,2.0,0.24,0.0,0.0,0.73,112.0,-2.95,Snow
-5.4,9.4,80.0,4.0,0.1,0.0,0.12,0.0,0.0,0.79,110.0,-2.25,Snow
-8.242449227224178,1.1115158103815832,60.927861497553465,1.3229721651491921,2.5281829505443993,0.0,0.18505709004323154,0.08335735078466168,0.0,0.45571139339095224,215.72434008942957,-1.3,Ice
5.3,5.1,91.0,0.0,0.1,0.0,0.0,0.0,0.0,0.82,110.0,1.3499999999999996,Rain
4.8,6.4,99.0,0.0,0.4,0.0,0.06,0.0,0.0,0.81,112.0,-1.0500000000000003,Rain
1.4,0.7,50.0,0.0,0.0,0.0,0.0,0.0,0.0,0.82,450.0,6.2,Normal
-15.8,0.4,43.0,0.0,0.0,0.0,0.0,0.0,0.0,0.82,112.0,-5.9,Normal
-11.4,0.4,69.0,0.0,0.4,0.0,0.0,0.0,0.0,0.82,467.0,-9.6,Rain
5.6,2.1,84.0,0.0,0.0,0.0,0.0,0.0,0.0,0.82,112.0,9.25,Rain
5.3,4.6,92.0,0.0,1.7,0.0,0.43,0.0,0.0,0.68,112.0,-0.30000000000000027,Rain
-1.7271460056150612,2.6766101423626822,66.41568725433008,2.9014773158103435,0.0,0.0,0.1782243660208383,0.053121248214267336,0.19881392475331955,0.2657905821411463,363.3030427127496,-1.3,Ice
3.8,4.7,98.0,0.0,0.7,0.0,0.24,0.0,0.0,0.73,110.0,1.0499999999999998,Rain
-12.1,0.9,47.0,0.0,0.0,0.0,0.0,0.0,0.0,0.82,411.0,-3.6,Normal
-10.3,0.2,70.0,0.0,0.0,0.0,0.0,0.0,0.0,0.82,420.0,-3.8999999999999995,Normal
-15.1,3.1,41.0,0.0,0.0,0.0,0.0,0.0,0.0,0.82,443.0,-3.7,Normal
-5.2801495209225475,2.7329911375704703,79.89962579820822,1.303435887239503,0.0,0.0,0.036800885226024774,0.0,0.09755751575939625,0.7208759312286606,158.95395392973998,-8.96608263756444,Ice
-4.303499999707008,0.5944251722526364,99.244837704745,1.9303122481974,1.294378730848315,0.0,0.04376861299922592,0.14664864336939817,0.1898450408596755,0.423993007951291,234.26517422650699,-6.492412364802675,Ice
-6.220327372265469,2.7925246485985773,96.30369544521737,0.7577157858325447,1.575812361706813,0.0,0.17266075993808688,0.27097784340497333,0.0,0.5687817091329842,130.511528965898,-3.250104724220984,Ice
-1.1,3.557259883897932,69.55811124823792,2.2648627589588863,1.9588563951820044,0.0,0.17602991369866683,0.1253536573600356,0.15136482677990132,0.82,105.0,-1.3,Ice
7.1,2.2,72.0,0.0,0.0,0.0,0.0,0.0,0.0,0.82,427.0,9.45,Normal
-3.9,3.2,90.0,4.0,3.2,2.0,0.23,0.0,0.0,0.73,112.0,-1.8499999999999999,Snow
5.9,1.9,89.0,0.0,0.4,0.0,0.16,0.0,0.0,0.77,112.0,8.4,Rain
-17.9,3.0,31.0,0.0,0.0,0.0,0.0,0.0,0.0,0.82,115.0,-12.049999999999999,Normal
-8.7,0.3,63.0,0.0,0.8,0.0,0.0,0.0,0.0,0.82,420.0,-3.6,Normal
-3.6,3.2,100.0,4.0,0.8,14.0,0.0,0.13,0.15,0.3,112.0,-2.75,Snow
0.4,2.7,77.0,0.0,0.0,0.0,0.03,0.0,0.0,0.82,109.0,1.8000000000000003,Rain
-9.5,1.7,66.0,0.0,0.0,0.0,0.0,0.0,0.0,0.82,445.0,-3.2,Normal
-2.8,4.5,90.0,4.0,1.5,0.0,0.14,0.0,0.0,0.78,107.0,-1.5999999999999999,Snow
3.2,1.7,87.0,0.0,0.1,0.0,0.0,0.0,0.0,0.82,112.0,8.95,Rain
-1.36038693846021,2.49036533882594,84.5043431700739,1.6702670605547258,0.23968453489323527,0.0,0.0,0.2731820575765154,0.10469052121937272,0.4559100400942799,105.0,-1.3,Ice
-26.7,2.3,74.0,0.0,0.0,0.0,0.0,0.0,0.0,0.82,430.0,-18.7,Normal
-3.2,4.4,87.0,4.0,5.2,0.0,0.23,0.0,0.0,0.73,110.0,-1.65,Snow
2.0,2.2,98.0,1.0,2.7,0.0,0.48,0.0,0.0,0.67,112.0,-1.6,Rain
-8.142549884398246,0.5740685858696675,49.0,0.1352889669001106,0.76135810345716,0.0,0.13834840152250233,0.28735802046862635,0.0,0.31060899302816614,105.0,-9.110434210528295,Ice
2.3,0.7,62.0,0.0,0.0,0.0,0.01,0.0,0.0,0.82,107.0,5.8,Rain
-4.0313162680047805,2.3097583875157643,100.0,0.0,0.0,0.0,0.12836660704707367,0.2031919320315368,0.12953011626022404,0.82,232.19761356714045,-2.967692234804921,Ice
-2.0,7.1,98.0,4.0,6.2,10.0,0.13,0.11,0.14,0.62,112.0,-1.55,Snow
-2.4,2.9,68.0,0.0,0.0,0.0,0.07,0.0,0.0,0.81,112.0,0.34999999999999987,Rain
-5.631394869182989,2.3359847907190576,60.55880094998565,0.0789674454026319,3.555610377144451,0.0,0.0,0.12379449140209152,0.0,0.2302967721859966,105.0,-1.3,Ice
-17.7,0.5,49.0,0.0,0.0,0.0,0.0,0.0,0.0,0.82,405.0,-7.45,Normal
-5.5,3.2,76.0,4.0,0.0,0.0,0.0,0.0,0.0,0.82,112.0,-6.6,Snow
2.8,1.7,43.0,0.0,0.0,0.0,0.0,0.0,0.0,0.82,110.0,8.25,Rain
-4.863977527916028,5.143537287834347,55.45279038850123,1.0585177542004764,0.8650106479705986,0.0,0.07143485763874145,0.30634460259187585,0.04923319865465252,0.36460943861876793,105.0,-11.563336615233393,Ice
-15.3,5.0,39.0,0.0,0.0,0.0,0.0,0.0,0.0,0.82,435.0,-2.9000000000000004,Normal
-14.8,3.7,36.0,0.0,0.0,0.0,0.0,0.0,0.0,0.82,112.0,-9.25,Normal
-1.1,2.5675666444195726,78.33104682348186,0.4945399104941778,1.0952099901435908,0.0,0.030488586097109027,0.29269047287964056,0.15577530002446058,0.8011940943026656,105.0,-4.235910183147873,Ice
4.5,0.3,59.0,0.0,0.0,0.0,0.0,0.0,0.0,0.82,472.0,8.65,Normal
-2.8209749421037196,4.553336701534702,86.72102553043779,2.5534557289609743,0.0,0.0,0.04307182780607147,0.2424857556012533,0.10513774752528032,0.28975779155912623,105.0,-7.4641308981477525,Ice
-3.0,1.8,100.0,4.0,0.7,4.0,0.0,0.19,0.19,0.23,109.0,-1.65,Snow
-19.3,1.7,32.0,0.0,0.0,0.0,0.0,0.0,0.0,0.82,525.0,-8.65,Normal
-17.0,4.7,30.0,0.0,0.0,0.0,0.0,0.0,0.0,0.82,425.0,-7.6000000000000005,Normal
-7.5,4.1,92.0,4.0,3.8,4.0,0.0,0.62,0.04,0.38,112.0,-14.600000000000001,Snow
4.9,0.8,83.0,0.0,0.0,0.0,0.0,0.0,0.0,0.82,112.0,8.85,Rain
4.7,2.4,90.0,0.0,0.0,0.0,0.0,0.0,0.0,0.82,115.0,7.35,Rain
-4.2,3.4,92.0,4.0,2.5,5.0,0.47,0.02,0.08,0.67,142.0,-1.55,Snow
-18.8,2.0,28.0,0.0,0.0,0.0,0.0,0.0,0.0,0.82,422.0,-11.6,Normal
-5.392526214515492,4.020717655817637,80.89663872904232,0.8269683207606326,0.0,0.0,0.13959346253398502,0.4,0.22293556886991212,0.42583900605687663,105.0,-6.196300559887722,Ice
-5.064410343668871,5.571893735531685,95.2417625513813,1.7213125118791894,2.2234085388980698,0.0,0.17148946465337084,0.06398936569003094,0.053296837201359824,0.16801550185920255,106.06705230405788,-12.225858560922426,Ice
5.4,3.7,88.0,0.0,0.0,0.0,0.02,0.0,0.0,0.82,109.0,1.75,Rain
-1.1,1.4483146811959775,100.0,0.5956924006704687,0.0,0.0,0.15490831272725655,0.17277265108204604,0.16245775232902812,0.5242047847222727,105.0,-1.3,Ice
4.7,1.3,93.0,0.0,0.7,0.0,0.34,0.0,0.0,0.7,112.0,7.5,Rain
-1.1,3.356646046445365,90.92580179909015,3.788539881194838,3.2821057180725033,0.0,0.005373480073081041,0.21723794930245768,0.22332397869338577,0.7430076397399503,105.0,-1.5366961505730141,Ice
-5.7,7.6,72.0,4.0,0.0,0.0,0.0,0.0,0.0,0.82,392.0,-2.65,Snow
7.0,0.8,72.0,0.0,0.0,0.0,0.0,0.0,0.0,0.82,383.0,8.35,Rain
-2.9,3.7,90.0,4.0,3.3,2.0,0.12,0.0,0.0,0.79,110.0,-1.4,Snow
-4.4,4.9,89.0,4.0,1.8,0.0,0.57,0.0,0.0,0.66,110.0,-1.6500000000000001,Snow
-4.835109323848967,5.895332297887846,66.70302108687318,0.4003471459646485,1.655089536569429,0.0,0.02211600190262989,0.12560776653724673,0.0,0.82,124.02031150264398,-7.113591277425044,Ice
-3.5,2.9,94.0,4.0,0.2,2.0,0.15,0.0,0.0,0.77,110.0,-1.5,Snow
-6.193477897381692,0.22367326323234682,76.72057027775644,1.4923906188123444,1.8390791255158814,0.0,0.004361886416147764,0.04483864712813658,0.04829646876141111,0.82,105.0,-5.579578411930187,Ice
5.5,2.4,98.0,0.0,6.5,0.0,0.28,0.0,0.0,0.71,110.0,0.10000000000000009,Rain
-8.8,5.9,66.0,4.0,0.0,0.0,0.0,0.0,0.0,0.82,112.0,-6.7,Snow
-13.4,0.9,63.0,0.0,0.7,0.0,0.0,0.0,0.0,0.82,115.0,-7.5,Normal
-0.8,2.0,100.0,4.0,6.3,1.0,0.0,0.13,0.08,0.51,112.0,-6.75,Snow
5.6,2.9,92.0,0.0,0.0,0.0,0.04,0.0,0.0,0.82,112.0,1.6,Rain
-1.1,2.62227366844671,100.0,0.5887936070888611,0.8290569175806983,0.0,0.11916627176680322,0.10734554035325723,0.13416978071637126,0.6643192998939089,135.1933765255661,-1.3,Ice
-0.8,3.0,96.0,1.0,2.3,0.0,0.49,0.0,0.0,0.67,112.0,-6.949999999999999,Rain
-0.2,3.8,98.0,2.0,1.6,0.0,0.41,0.0,0.0,0.68,112.0,-4.45,Rain
-1.1,3.8910873542193674,82.60628518925743,3.120844396010682,3.4490727601391082,0.0,0.0,0.2614775160515574,0.0,0.82,149.63065127412779,-8.864818561352038,Ice
-5.585002487726563,3.3610026333490914,72.602168496007,2.947041866405935,1.7161717159381975,0.0,0.14776482154687387,0.1911596211839286,0.2854921641049022,0.3403418477961606,107.79241907415141,-4.581865201976193,Ice
-0.4,2.7,93.0,1.0,2.0,0.0,0.33,0.02,0.03,0.7,110.0,-3.0500000000000003,Rain
-8.1,1.0,59.0,0.0,0.0,0.0,0.0,0.0,0.0,0.82,210.0,-3.3000000000000003,Rain
-1.9,1.8,67.0,0.0,0.0,0.0,0.0,0.0,0.0,0.82,402.0,1.05,Normal
-5.000167756727572,4.969387411941044,100.0,1.1247277616499383,0.6142863774025367,0.0,0.0,0.0,0.1833958042761469,0.7950612625261886,105.0,-7.047885158094331,Ice
-6.133177600441574,2.26367626113484,100.0,1.5183317943924801,3.220011827160713,0.0,0.0,0.27536221316556436,0.1872793485998558,0.6998963404121966,242.00040698813726,-8.091155741466,Ice
-8.2,0.3,78.0,0.0,0.0,0.0,0.0,0.0,0.0,0.82,414.0,-5.0,Normal
3.5,0.8,100.0,0.0,4.4,0.0,0.23,0.0,0.0,0.73,112.0,4.35,Rain
-3.6,2.8,97.0,5.0,1.0,6.0,0.0,0.18,0.15,0.3,112.0,-2.2,Snow
-5.98526182509287,3.832716194266094,99.00327469988004,0.27158140020238464,1.1075094165445276,0.0,0.0001863581203154635,0.4,0.0324879212624907,0.36757825209485234,109.0336528580054,-6.665814141082261,Ice
2.6,0.4,51.0,0.0,0.0,0.0,0.0,0.0,0.0,0.82,445.0,7.6,Normal
-4.2,1.6,96.0,4.0,0.7,1.0,0.0,0.26,0.12,0.36,112.0,-2.65,Snow
-5.6,6.0,89.0,4.0,0.2,1.0,0.03,0.06,0.05,0.66,112.0,-4.05,Snow
-6.302317840665963,4.549401218244899,80.14696700225777,0.5445880035905057,0.41321338258369034,0.0,0.0,0.12186297521484735,0.28468901765818777,0.5384461763844196,135.87157943081692,-8.820814201169195,Ice
-17.2,1.0,35.0,0.0,0.0,0.0,0.0,0.0,0.0,0.82,110.0,-5.5,Normal
-5.028651854370539,4.014490136230728,69.26447129029205,3.0270103502169246,3.0090695842429707,0.0,0.0,0.0,0.007763326729273504,0.5735999295876922,216.77703111514603,-4.521140698852418,Ice
1.3,2.5,100.0,1.0,7.0,0.0,0.11,0.07,0.1,0.76,400.0,-4.0,Snow
5.2,4.1,96.0,0.0,2.8,0.0,0.26,0.0,0.0,0.72,105.0,0.0,Rain
5.8,0.8,71.0,0.0,0.0,0.0,0.0,0.0,0.0,0.82,410.0,8.2,Normal
-13.9,0.5,72.0,0.0,0.0,0.0,0.0,0.0,0.0,0.82,427.0,-12.7,Normal
-0.3,3.1,93.0,0.0,0.0,0.0,0.0,0.0,0.0,0.82,392.0,-0.09999999999999987,Normal
5.4,3.8,96.0,0.0,2.6,0.0,0.46,0.0,0.0,0.68,112.0,-1.4000000000000004,Rain
-17.8,4.3,28.0,0.0,0.0,0.0,0.0,0.0,0.0,0.82,427.0,-9.25,Normal
-5.364739823195435,4.54805910486482,100.0,1.9304452527748888,0.8290300591752875,0.0,0.08632960542242835,0.10363682054074201,0.04590386580370894,0.5000077807428864,131.36648673398727,-1.3,Ice
-14.4,3.0,48.0,0.0,0.0,0.0,0.0,0.0,0.0,0.82,110.0,-15.7,Snow
5.7,2.6,84.0,0.0,0.0,0.0,0.01,0.0,0.0,0.82,112.0,2.4499999999999997,Rain
-6.919756281533585,3.1686511842171976,92.11518713737568,2.5967285160458866,2.7233202939901897,0.0,0.02634319850635803,0.27370744720689755,0.013028696792045047,0.13,161.6515525914852,-11.918201983504492,Ice
-17.7,0.6,36.0,0.0,2.2,0.0,0.0,0.0,0.0,0.82,402.0,-5.75,Normal
4.9,2.6,94.0,0.0,0.1,0.0,0.1,0.0,0.0,0.8,112.0,1.15,Rain
-1.1,7.2,60.78902957454414,1.3725714543180871,1.881382824680808,0.0,0.090579148957838,0.0,0.11760152568595222,0.6846592926802668,202.9339180899982,-1.5295421393037851,Ice
5.0,2.1,98.0,0.0,0.2,0.0,0.41,0.0,0.0,0.68,425.0,0.5999999999999996,Rain
6.7,1.6,63.0,0.0,0.0,0.0,0.0,0.0,0.0,0.82,412.0,9.6,Normal
-4.0,1.3,97.0,6.0,1.6,14.0,0.0,0.2,0.11,0.38,411.0,-7.0,Snow
-16.0,1.5,71.0,0.0,0.4,0.0,0.0,0.0,0.0,0.82,435.0,-6.6000000000000005,Normal
-8.2,5.6,68.0,4.0,0.1,2.0,0.03,0.0,0.0,0.82,110.0,-3.4,Snow
3.6,3.3,100.0,0.0,5.4,0.0,0.41,0.0,0.0,0.68,110.0,-4.300000000000001,Rain
-10.77839243905624,1.60670691174078,74.59331744325732,0.0,0.0,0.0,0.1281062952852201,0.0,0.05274441866884224,0.2923662886058623,293.37920057208294,-1.513690823893544,Ice
-2.5,1.8,66.0,0.0,0.1,0.0,0.0,0.0,0.0,0.82,110.0,0.9,Rain
-4.7,3.4,97.0,4.0,0.8,7.0,0.0,0.57,0.07,0.38,110.0,-6.6000000000000005,Snow
-6.944834456981711,0.1,100.0,0.6718400023805035,2.094026580126722,0.0,0.25,0.034570241653726505,0.0,0.5226612418229594,246.9799410887718,-2.940536459836567,Ice
4.7,4.8,97.0,0.0,4.1,0.0,0.11,0.0,0.0,0.79,105.0,-2.5000000000000004,Rain
-16.3,4.1,38.0,0.0,0.0,0.0,0.0,0.0,0.0,0.82,430.0,-3.75,Normal
-3.5229932162779765,2.749632795784285,62.39126999453099,0.17409545852284158,1.4069793114119384,0.0,0.055895429020643005,0.2920474496449206,0.07179943496629526,0.3613393436732226,253.94030961588498,-7.771552187216386,Ice
-1.1,3.5657229965359276,67.7553548542585,0.0,0.0,0.0,0.0019152566368059315,0.3755089098625861,0.1504520099587411,0.3744000806497775,241.68217408492663,-9.455786309869486,Ice
-16.8,0.5,48.0,0.0,0.1,0.0,0.0,0.0,0.0,0.82,417.0,-12.799999999999999,Normal
-5.3,1.7,78.0,4.0,0.0,1.0,0.0,0.0,0.0,0.82,442.0,-5.9,Snow
-5.0,3.6,88.0,4.0,0.4,3.0,0.0,0.15,0.15,0.29,117.0,-2.5500000000000003,Snow
-6.3,5.4,85.0,4.0,0.3,1.0,0.13,0.03,0.04,0.79,112.0,-6.550000000000001,Snow
0.0,3.1,63.0,0.0,0.0,0.0,0.0,0.0,0.0,0.82,349.0,3.1500000000000004,Normal
-11.8,1.2,45.0,0.0,0.0,0.0,0.0,0.0,0.0,0.82,405.0,-3.65,Normal
-1.1,3.2062874352371367,73.00021647798641,0.45705650470137216,0.3945552521844322,0.0,0.09477752525461507,0.02018462689891913,0.04259625544924438,0.694010869420881,137.95813204637716,-1.3,Ice
0.3,2.4,85.0,0.0,0.0,0.0,0.0,0.0,0.0,0.82,400.0,-0.2500000000000002,Rain
5.2,2.8,98.0,0.0,0.2,0.0,0.1,0.0,0.0,0.8,115.0,1.15,Rain
-7.9078449894125304,2.943124268565189,74.81154402315414,2.1029202063444328,1.6281015950775197,0.0,0.014120498850229361,0.0,0.3162474624379765,0.82,105.0,-1.3,Ice
7.0,1.7,60.0,0.0,0.0,0.0,0.0,0.0,0.0,0.82,435.0,9.2,Normal
-1.1,1.4644303202331992,91.16282385980986,2.656448657689004,3.712043019989393,0.0,0.09389744762031954,0.0,0.07172127402402978,0.82,224.8499111819856,-3.5565646980723447,Ice
3.4,2.3,99.0,0.0,7.2,0.0,0.19,0.0,0.0,0.75,112.0,-4.2,Rain
-17.8,3.5,30.0,0.0,0.0,0.0,0.0,0.0,0.0,0.82,417.0,-12.55,Normal
-5.327664137989572,4.962000327598149,93.64461193778585,1.032374714405342,0.7471704185763928,0.0,0.1503832357952618,0.1418139351097621,0.16984206178562386,0.82,197.28874068384255,-3.1881348312343905,Ice
-6.491437148672594,7.2,100.0,0.0,3.233883028668134,0.0,0.0,0.4,0.293537167765887,0.543987487912611,296.4674862511431,-1.9403115255516554,Ice
-4.012948703973027,3.2959442511475747,67.86283169620145,0.8034350392152985,3.081562882707483,0.0,0.18155976341265667,0.12507084574971936,0.08080067902611772,0.82,179.51484322529114,-9.850696531937261,Ice
5.3,2.1,97.0,1.0,6.7,0.0,0.36,0.0,0.0,0.69,110.0,-1.9999999999999996,Rain
-13.0,2.1,45.0,0.0,0.0,0.0,0.0,0.0,0.0,0.82,490.0,-6.1499999999999995,Normal
-7.515823752265208,2.761927594290868,77.71434958814847,1.9132545633577633,0.9571729470679976,0.0,0.11931721573126959,0.05279948495135255,0.17523555473382074,0.6481479618220506,105.0,-1.3,Ice
-4.4,5.9,92.0,4.0,0.6,6.0,0.02,0.26,0.19,0.25,115.0,-2.35,Snow
-18.3,2.3,27.0,0.0,0.0,0.0,0.0,0.0,0.0,0.82,495.0,-11.65,Normal
5.8,2.0,99.0,0.0,0.1,0.0,0.1,0.0,0.0,0.8,112.0,1.15,Rain
-14.3,2.200938056112106,100.0,0.0,1.9174828330009948,0.0,0.0,0.11772615075490614,0.26520663010835366,0.82,132.91604821490603,-5.711002680063829,Ice
-11.1,4.0,51.0,0.0,0.0,0.0,0.0,0.0,0.0,0.82,105.0,-6.95,Rain
-3.39822555214296,2.7865884477696787,100.0,2.0519960246943985,3.238528889096542,0.0,0.12994365315442624,0.13202355418455966,0.06846045429692708,0.6134951195677338,177.58547229373394,-3.0268806604933456,Ice
-3.2,7.7,95.0,5.0,4.1,8.0,0.08,0.27,0.27,0.18,112.0,-1.25,Snow
-14.2,2.8,41.0,0.0,0.0,0.0,0.0,0.0,0.0,0.82,472.0,-5.6,Normal
-3.1,5.2,96.0,4.0,1.2,2.0,0.0,0.35,0.19,0.26,112.0,-1.3499999999999999,Snow
-8.3,2.3,62.0,0.0,0.0,0.0,0.0,0.0,0.0,0.82,420.0,-2.4000000000000004,Normal
5.8,4.5,90.0,0.0,0.2,0.0,0.14,0.0,0.0,0.78,112.0,1.65,Rain
-8.8,3.1,70.0,4.0,0.0,1.0,0.0,0.0,0.0,0.82,470.0,-3.45,Snow
1.2,3.7,96.0,1.0,3.0,0.0,0.49,0.0,0.0,0.67,112.0,-1.5,Rain
-14.5,1.1,38.0,0.0,0.2,0.0,0.0,0.0,0.0,0.82,422.0,-4.25,Normal
3.0,1.9,98.0,0.0,6.9,0.0,1.39,0.0,0.0,0.55,109.0,-4.9,Rain
-2.6,2.0,97.0,4.0,9.8,2.0,0.15,0.0,0.0,0.77,110.0,-1.55,Snow
-0.5,2.2,92.0,1.0,0.5,0.0,0.37,0.0,0.0,0.69,112.0,-3.15,Rain
3.1,1.3,56.0,0.0,0.0,0.0,0.0,0.0,0.0,0.82,115.0,6.35,Normal
-4.0,2.0,91.0,5.0,0.1,8.0,0.0,0.1,0.17,0.25,109.0,-7.0,Snow
4.7,4.4,95.0,0.0,0.1,0.0,0.15,0.0,0.0,0.77,110.0,1.65,Rain
-1.139979069779291,6.005692427653736,89.61940006741993,1.226147602631948,4.080004031315502,0.0,0.06571359557393647,0.19376692348026278,0.11685542404064375,0.5025932995761975,141.2948340735572,-8.154688500395707,Ice
-17.6,0.8,65.0,0.0,0.0,0.0,0.0,0.0,0.0,0.82,420.0,-14.9,Normal
-14.8,0.4,70.0,0.0,0.0,0.0,0.0,0.0,0.0,0.82,424.0,-6.0,Normal
-10.786576730194058,1.2830621924162853,71.62455219993971,1.0593598139284532,0.6231308107449978,0.0,0.02398974214643053,0.21891502684519293,0.14489183649400117,0.5312871930038969,112.79468417945998,-3.784453696623448,Ice
-2.2,2.4,95.0,0.0,4.8,0.0,0.0,0.02,0.07,0.56,112.0,-7.05,Normal
-0.3,5.6,92.0,0.0,0.0,0.0,0.0,0.0,0.0,0.82,422.0,-0.5,Normal
-4.4,1.5,87.0,4.0,0.3,0.0,0.0,0.04,0.06,0.6,112.0,-1.4000000000000001,Snow
-20.2,0.3,27.0,0.0,0.0,0.0,0.0,0.0,0.0,0.82,447.0,-5.199999999999999,Normal
-10.6,2.6,54.0,4.0,0.0,0.0,0.0,0.0,0.0,0.82,402.0,-7.949999999999999,Snow
5.5,9.2,90.0,0.0,0.0,0.0,0.11,0.0,0.0,0.79,112.0,2.6,Rain
6.3,2.3,58.0,0.0,0.0,0.0,0.01,0.0,0.0,0.82,410.0,9.3,Normal
-4.7,4.8,94.0,4.0,0.4,1.0,0.62,0.01,0.03,0.65,112.0,-3.15,Snow
-2.0820843531942748,3.6844096543337184,75.43492358564198,0.8254487280599611,3.958641119819082,0.0,0.030771008663565247,0.08381661855556571,0.05162182350590341,0.8158123865591356,268.4631352496564,-7.530122471336551,Ice
-10.573946949809514,1.7670993831652695,86.04858481837118,2.9290013689676213,3.3668201237093722,0.0,0.11059343307396688,0.07812371304508588,0.0,0.22153722432521172,166.90595590991043,-8.73435821744953,Ice
3.1,1.0,100.0,0.0,1.1,0.0,0.14,0.0,0.01,0.78,112.0,5.5,Rain
-7.6,3.7,91.0,4.0,4.8,9.0,0.0,1.14,0.04,0.37,110.0,-14.600000000000001,Snow
-6.402593202072579,4.954411333957978,67.94069683647128,0.1765363286796302,2.630551535053626,0.0,0.11235295903545658,0.14144447749449807,0.1193211149790533,0.35546759279721746,134.5952214221644,-1.3,Ice
5.0,1.7,100.0,1.0,7.9,0.0,0.58,0.0,0.0,0.66,115.0,0.19999999999999973,Rain
-2.5,2.4,100.0,6.0,6.3,24.0,0.0,0.97,0.05,0.37,482.0,-5.0,Snow
-6.5,6.4,72.0,4.0,0.1,0.0,0.02,0.0,0.0,0.82,147.0,-2.85,Snow
-14.2,0.3,58.0,0.0,0.0,0.0,0.0,0.0,0.0,0.82,482.0,-10.0,Normal
-1.1,7.2,100.0,1.956039133427619,1.5556914685688048,0.0,0.0,0.0,0.0,0.13,124.2543785791019,-1.8767365627229906,Ice
-7.138791894969993,2.1268674025804044,69.42778972468469,2.9853023370642013,1.3018773273834596,0.0,0.237151709975928,0.11297993751594596,0.2088956287367937,0.8049558588785152,105.0,-1.3,Ice
5.0,1.2,92.0,0.0,0.0,0.0,0.03,0.0,0.0,0.82,112.0,7.75,Rain
-4.2,2.8,94.0,4.0,1.5,3.0,0.0,0.4,0.08,0.38,115.0,-5.6000000000000005,Snow
-0.7,0.9,76.0,0.0,0.0,0.0,0.01,0.0,0.0,0.82,112.0,0.15000000000000013,Normal
4.5,1.1,100.0,0.0,5.1,0.0,0.13,0.0,0.0,0.78,112.0,0.8999999999999999,Rain
5.0,1.6,83.0,0.0,0.0,0.0,0.0,0.0,0.0,0.82,397.0,10.0,Normal
7.2,2.1,77.0,0.0,0.0,0.0,0.0,0.0,0.0,0.82,395.0,8.899999999999999,Normal
5.1,3.7,96.0,0.0,1.4,0.0,0.14,0.0,0.0,0.78,112.0,0.8000000000000003,Rain
5.9,0.8,62.0,0.0,0.0,0.0,0.0,0.0,0.0,0.82,397.0,6.95,Rain
5.2,2.9,99.0,0.0,7.5,0.0,0.23,0.0,0.0,0.73,115.0,-0.8500000000000001,Rain
-2.2,2.1,100.0,4.0,0.7,4.0,0.0,0.83,0.13,0.37,115.0,-5.85,Snow
-6.7,3.6,66.0,4.0,0.0,0.0,0.0,0.0,0.0,0.82,112.0,-5.1,Snow
-11.639875090746976,3.1781010159168748,94.3203441830542,0.563340885120428,3.9847994279326038,0.0,0.12022845456523915,0.0,0.3052926028561882,0.7632605116605163,334.66385093058307,-5.455572806928516,Ice
-3.0,2.8,97.0,5.0,7.6,25.0,0.01,0.09,0.18,0.23,110.0,-1.2000000000000002,Snow
-3.3,5.1,91.0,4.0,2.1,1.0,0.45,0.0,0.0,0.68,112.0,-1.3499999999999999,Snow
-1.1,2.6386948603770137,100.0,1.7579562105520699,1.565776562944459,0.0,0.21274884564040059,0.0,0.087325368706025,0.6857935691476996,296.8424443192914,-7.0550260802003715,Ice
-3.4,3.8,87.0,4.0,2.4,0.0,0.21,0.0,0.0,0.74,112.0,-1.55,Snow
-3.2,4.5,92.0,4.0,1.9,2.0,0.38,0.0,0.0,0.69,112.0,-1.3499999999999999,Snow
-1.1,3.5359932720433687,51.63196785246449,1.7921100556045315,6.467411563131561,0.0,0.13766495776702198,0.17290241028450454,0.0,0.46661486715542044,255.4891203737053,-11.7999043737121,Ice
-12.2,1.0,44.0,0.0,0.1,0.0,0.0,0.0,0.0,0.82,400.0,-4.25,Normal
-3.7,1.4,86.0,4.0,2.6,0.0,0.13,0.0,0.0,0.79,107.0,-0.9999999999999999,Snow
-9.940509551767757,6.643153948875211,100.0,1.720552688682644,1.0022918681903596,0.0,0.0,0.06718708092732613,0.0,0.7577092466718358,277.19209952822735,-6.653329781499455,Ice
1.9,4.3,95.0,1.0,0.2,0.0,0.14,0.0,0.0,0.78,110.0,0.6499999999999999,Rain
-3.3,2.4,92.0,1.0,2.0,0.0,0.16,0.04,0.05,0.77,112.0,-2.1,Ice
-4.6,3.9,92.0,4.0,1.1,13.0,0.03,0.08,0.1,0.43,110.0,-1.95,Snow
-6.422314964661508,5.514831211992814,69.04535055819636,1.7767361034801135,0.37187240128236265,0.0,0.02114970315515178,0.06405203238871487,0.007546758768062767,0.37394208294218667,105.0,-5.249283904951973,Ice
-4.6,2.7,73.0,4.0,0.0,0.0,0.04,0.0,0.0,0.82,115.0,-5.35,Snow
-3.1,2.2,96.0,4.0,2.1,0.0,0.0,0.17,0.16,0.28,112.0,-8.1,Snow
-4.5,7.7,89.0,4.0,0.2,1.0,0.08,0.03,0.04,0.81,110.0,-2.25,Snow
-6.062733210090084,2.0872370940047045,80.55090288208173,0.0,2.498664658928462,0.0,0.12407676027632421,0.128843555796718,0.02818217928753733,0.6154507398476459,189.5941598559894,-1.3,Ice
0.8,2.5,97.0,1.0,1.4,0.0,0.39,0.0,0.0,0.69,110.0,-2.05,Rain
-7.805428902948864,6.101919817250267,100.0,0.15789488114887607,1.0599408508422297,0.0,0.0,0.217053699426012,0.19945174289987144,0.41721323831634516,207.1778355672331,-1.3,Ice
-2.4,4.5,97.0,5.0,4.6,21.0,0.0,0.17,0.2,0.21,112.0,-1.2,Snow
-6.382812500656161,3.875011714903569,94.21337259991584,1.9834460843204154,3.5821570033024956,0.0,0.13918933352279,0.4,0.10282904134709792,0.3015148239072917,130.2285913624958,-3.9341528593681176,Ice
-14.3,1.575640750961627,71.12506130874436,0.6769554418638057,1.6574261773883034,0.0,0.25,0.15828718837059322,0.21528184766554473,0.572198556044983,184.70539775331787,-6.913604097238839,Ice
0.8,2.0,100.0,4.0,5.2,5.0,0.39,0.0,0.0,0.69,110.0,-2.35,Snow
7.0,1.5,67.0,0.0,0.0,0.0,0.0,0.0,0.0,0.82,397.0,9.05,Normal
1.9,7.0,98.0,1.0,2.1,0.0,0.23,0.0,0.0,0.73,110.0,-2.0999999999999996,Rain
-6.8,6.2,70.0,4.0,0.0,0.0,0.0,0.0,0.0,0.82,109.0,-3.0,Snow
-18.1,5.1,35.0,0.0,0.0,0.0,0.0,0.0,0.0,0.82,110.0,-17.25,Snow
0.5,1.5,100.0,0.0,3.7,0.0,0.25,0.0,0.0,0.72,110.0,-2.4,Rain
-5.4,7.4,81.0,4.0,0.2,7.0,0.08,0.0,0.0,0.81,112.0,-2.45,Snow
-2.7,5.6,94.0,4.0,0.3,1.0,0.25,0.04,0.07,0.72,110.0,-0.9500000000000001,Snow
-4.189323350132,2.850640790645331,62.54936307390847,1.3105552491854098,0.10049826378600302,0.0,0.10517731915656088,0.0,0.0,0.7343112976423327,229.2816292061397,-8.452638775887985,Ice
1.7,0.8,56.0,0.0,0.0,0.0,0.01,0.0,0.0,0.82,380.0,6.05,Rain
3.3,1.6,96.0,0.0,5.2,0.0,0.0,0.0,0.0,0.82,115.0,6.449999999999999,Rain
-2.3,0.8,92.0,0.0,0.4,0.0,0.0,0.11,0.16,0.27,112.0,-3.85,Rain
-3.3,2.1,99.0,6.0,3.4,26.0,0.0,0.66,0.09,0.38,112.0,-1.2,Snow
-2.7,6.0,95.0,4.0,0.5,2.0,0.19,0.05,0.08,0.75,110.0,-0.9500000000000001,Snow
-3.3,6.9,92.0,4.0,2.4,6.0,0.0,0.38,0.16,0.32,110.0,-1.25,Snow
-3.5,2.0,98.0,4.0,0.4,4.0,0.0,0.14,0.19,0.23,112.0,-2.35,Snow
-11.053032552358026,3.509737878217423,87.58726597739468,0.6368950373246893,1.763003846268903,0.0,0.1687758026243344,0.11746265154247904,0.0,0.4582323693711693,105.0,-2.2787355269227705,Ice
-3.3,8.5,96.0,6.0,2.2,24.0,0.03,0.26,0.15,0.32,110.0,-1.25,Snow
-1.9,3.0,100.0,5.0,7.1,2.0,0.03,0.38,0.33,0.16,110.0,-1.95,Snow
-2.9,4.4,99.0,5.0,2.8,5.0,0.0,0.26,0.36,0.12,122.0,-0.85,Snow
-3.3,4.6,85.0,4.0,7.5,0.0,0.31,0.1,0.18,0.7,110.0,-1.7,Snow
-3.2,4.7,98.0,6.0,5.5,12.0,0.0,0.62,0.06,0.38,120.0,-3.75,Snow
-4.1,2.5,100.0,5.0,1.0,10.0,0.0,0.27,0.19,0.25,110.0,-3.2,Snow
-5.200441431952615,0.1,81.67619140471395,1.3365911635334276,0.0,0.0,0.014953523837538292,0.0539615416812947,0.22868999989353347,0.13,141.55750196951507,-6.686359153060615,Ice
-3.053244015103147,0.6885584495036428,95.2556224472817,0.07688567632048582,5.408499522784579,0.0,0.11124123357089799,0.3003166637975418,0.2634583698222381,0.82,105.0,-5.084069268118897,Ice
-10.041279708424472,0.1,82.58806794197397,0.23299709464937401,3.5947120973552042,0.0,0.18945321319442432,0.0,0.1771774753729119,0.48613400177083227,117.31945451959137,-9.800259777724733,Ice
-2.6,2.5,100.0,5.0,1.1,17.0,0.0,0.55,0.1,0.38,110.0,-7.15,Snow
0.0,3.2,87.0,0.0,0.0,0.0,0.0,0.0,0.0,0.82,112.0,-0.10000000000000009,Rain
5.3,1.8,95.0,0.0,0.7,0.0,0.23,0.0,0.0,0.73,110.0,2.0,Rain
-2.8,2.6,73.0,0.0,0.0,0.0,0.08,0.0,0.0,0.81,112.0,-0.9000000000000001,Rain
4.7,6.6,96.0,0.0,1.8,0.0,0.0,0.0,0.0,0.82,110.0,0.6499999999999999,Rain
-8.619051581357757,4.585582222297116,98.04012173838402,1.2400751224196493,1.9882567645881701,0.0,0.06570068837480003,0.35893322294903696,0.17484539768003093,0.7003807585935052,105.0,-1.3,Ice
-6.774791873826316,4.078143170114707,100.0,1.092472080694652,1.0957952466425598,0.0,0.028256616507173885,0.1938047329026643,0.10795160765763986,0.39109151956717014,161.95313673318867,-6.345732188484888,Ice
2.7,1.5,70.0,0.0,0.0,0.0,0.0,0.0,0.0,0.82,435.0,6.85,Normal
-1.9,2.0,72.0,0.0,0.0,0.0,0.02,0.0,0.0,0.82,110.0,0.25,Rain
-3.6,3.5,65.0,0.0,0.0,0.0,0.0,0.0,0.0,0.82,387.0,0.34999999999999987,Normal
-1.1,0.1,100.0,0.0,2.3998443021818057,0.0,0.14195205109302578,0.025863083111999405,0.05463528534086551,0.43557242763085935,244.64461990778324,-3.2815235084255736,Ice
5.3,4.4,94.0,0.0,2.2,0.0,0.22,0.0,0.0,0.74,482.0,0.9500000000000002,Rain
-3.4,2.2,100.0,5.0,1.7,10.0,0.0,0.2,0.11,0.39,110.0,-2.1,Snow
-4.7,2.0,98.0,0.0,1.1,0.0,0.0,0.27,0.17,0.28,112.0,-14.15,Ice
-6.490283331726245,6.598962881893494,76.6683797693649,0.0,2.166226058521289,0.0,0.13448040586797788,0.016761262553783254,0.15472767132936924,0.5506211123118447,173.6976413366311,-4.0857360472441595,Ice
4.3,0.2,78.0,0.0,0.0,0.0,0.0,0.0,0.0,0.82,110.0,8.399999999999999,Rain
-14.5,0.7,48.0,0.0,0.0,0.0,0.0,0.0,0.0,0.82,245.0,-7.75,Normal
4.4,2.2,100.0,0.0,4.9,0.0,0.34,0.0,0.0,0.7,112.0,-3.7,Rain
4.0,0.8,48.0,0.0,0.0,0.0,0.0,0.0,0.0,0.82,460.0,8.65,Normal
2.3,1.3,96.0,1.0,0.5,0.0,0.53,0.0,0.0,0.67,112.0,-0.25,Rain
-3.3,4.5,98.0,4.0,2.2,0.0,0.0,0.21,0.19,0.24,109.0,-6.55,Snow
-11.6,7.2,55.0,0.0,0.0,0.0,0.13,0.02,0.03,0.78,107.0,-10.85,Rain
-5.7,3.5,64.0,0.0,0.0,0.0,0.0,0.0,0.0,0.82,427.0,-3.5,Normal
-9.3,3.9,57.0,4.0,0.0,0.0,0.0,0.0,0.0,0.82,432.0,-8.05,Snow
-2.4,5.4,74.0,0.0,0.0,0.0,0.0,0.0,0.0,0.82,402.0,-2.3,Normal
-3.142421506720485,1.2255762911553685,100.0,0.813685536854257,0.7175518195767029,0.0,0.02260557610509962,0.1825810867851898,0.38,0.82,145.70192459866243,-5.457191378982106,Ice
-5.839470894083521,5.578242066351065,74.27703774284267,2.5811294005587966,0.9577892297324694,0.0,0.11464074415677578,0.30466928193553156,0.08418949575311642,0.13,115.72878268299584,-3.5385846161268617,Ice
2.6,1.2,98.0,0.0,0.6,0.0,0.16,0.0,0.0,0.77,107.0,2.5999999999999996,Normal
2.3,1.4,54.0,0.0,0.0,0.0,0.0,0.0,0.0,0.82,112.0,5.6,Rain
-18.6,0.4,38.0,0.0,0.0,0.0,0.0,0.0,0.0,0.82,638.0,-11.5,Normal
-6.5,5.8,75.0,4.0,0.1,1.0,0.06,0.0,0.0,0.81,112.0,-2.45,Snow
4.3,3.1,97.0,0.0,1.3,0.0,0.34,0.0,0.0,0.7,107.0,-0.6000000000000001,Rain
5.4,4.2,85.0,0.0,0.0,0.0,0.0,0.0,0.0,0.82,112.0,8.8,Rain
-7.1,3.7,79.0,4.0,0.1,4.0,0.05,0.0,0.0,0.82,112.0,-5.9,Snow
-6.4,3.4,72.0,1.0,0.1,0.0,0.01,0.0,0.0,0.82,110.0,-1.75,Ice
-2.8,3.1,96.0,4.0,3.3,3.0,0.13,0.08,0.15,0.67,112.0,-3.65,Snow
4.6,1.0,98.0,0.0,1.2,0.0,0.12,0.0,0.0,0.79,110.0,1.4500000000000002,Rain
-4.8,4.9,91.0,4.0,2.0,3.0,0.0,0.24,0.22,0.2,115.0,-3.85,Snow
-5.8144284221514235,5.330964457864965,97.5816850573979,0.0,1.0774850030024818,0.0,0.19771301406225616,0.14890403294702453,0.35041614647107583,0.4683356778668189,193.41566599803798,-8.01183731590174,Ice
3.6,2.6,98.0,0.0,0.0,0.0,0.0,0.0,0.0,0.82,110.0,3.95,Rain
-12.8,1.7,42.0,0.0,0.0,0.0,0.0,0.0,0.0,0.82,425.0,-2.7,Normal
-14.2,0.3,81.0,0.0,0.2,0.0,0.0,0.0,0.0,0.82,115.0,-8.7,Normal
5.1,1.0,98.0,0.0,0.2,0.0,0.09,0.0,0.0,0.8,112.0,0.9000000000000004,Rain
-0.1,1.0,92.0,1.0,0.4,0.0,0.18,0.0,0.0,0.76,112.0,-2.75,Rain
-18.1,3.6,38.0,0.0,0.0,0.0,0.0,0.0,0.0,0.82,420.0,-19.2,Normal
5.4,4.1,94.0,1.0,9.6,0.0,0.78,0.0,0.0,0.63,110.0,1.25,Rain
-6.345763579675203,6.274602745142997,83.94427237145744,1.228566581079586,2.3407028446701097,0.0,0.1102572796283107,0.14684416765079786,0.002823192212015893,0.5386277053589164,114.95229227768496,-1.3,Ice
-2.3,1.6,100.0,6.0,3.5,12.0,0.0,0.29,0.15,0.32,110.0,-1.7,Snow
5.5,1.8,98.0,0.0,10.4,0.0,0.24,0.0,0.0,0.73,177.0,1.0499999999999998,Rain
-2.4614523642981667,3.6765893247929458,66.28854633742839,0.41772141434121246,3.164475455683197,0.0,0.0,0.23456732047673606,0.0,0.43350786496254595,105.0,-3.5148698770079543,Ice
4.0,1.1,95.0,0.0,0.0,0.0,0.0,0.0,0.0,0.82,110.0,8.7,Rain
-2.7,1.6,100.0,4.0,1.4,3.0,0.0,0.19,0.26,0.15,112.0,-3.4,Snow
-8.978738355412485,2.132364942958131,88.6959513160986,0.38154227339216085,2.123636622738113,0.0,0.0,0.07643644209057895,0.0,0.6300740581501412,143.39158338550916,-10.650899827406338,Ice
5.2,3.2,88.0,0.0,10.5,0.0,0.19,0.0,0.0,0.75,112.0,1.85,Rain
-1.1,0.8905116918582383,89.65859751721297,0.0,0.0,0.0,0.0,0.20926570059037689,0.03100530199888958,0.13,105.0,-3.0041214912433443,Ice
-7.9,3.0,58.0,0.0,0.0,0.0,0.0,0.0,0.0,0.82,145.0,-2.9000000000000004,Rain
-4.6,3.5,91.0,4.0,1.9,2.0,0.0,0.34,0.22,0.23,112.0,-2.5500000000000003,Snow
-2.3485918394060143,3.932361282054467,86.32302047412439,0.0,0.0,0.0,0.0,0.19963961873425357,0.24816463582561518,0.18666359795064558,168.4872363090809,-3.403796048741799,Ice
3.5,4.5,86.0,0.0,9.6,0.0,0.54,0.0,0.0,0.66,110.0,1.2999999999999998,Rain
-4.950456538278887,0.32369539019667526,76.97359949332507,1.3315361767547296,0.0,0.0,0.07806042994636024,0.24954287001071712,0.08748948401242285,0.6539312106093972,105.0,-9.000961487619971,Ice
6.1,4.7,91.0,0.0,0.0,0.0,0.04,0.0,0.0,0.82,112.0,2.2,Rain
-11.7,2.7,59.0,0.0,0.0,0.0,0.0,0.0,0.0,0.82,443.0,-8.65,Normal
2.0,2.3,99.0,0.0,3.5,0.0,0.02,0.0,0.0,0.82,109.0,4.800000000000001,Rain
-9.774618602898403,2.810290634178659,76.78689638059805,1.5792643132673065,0.9933914237080437,0.0,0.14213559574498386,0.22425750143871612,0.17631627619026194,0.82,154.95760478968558,-7.838793778562501,Ice
-8.7,3.9,66.0,4.0,0.0,1.0,0.0,0.0,0.0,0.82,109.0,-6.949999999999999,Snow
-9.1,1.5,61.0,0.0,0.0,0.0,0.0,0.0,0.0,0.82,435.0,-3.7499999999999996,Normal
-12.9,0.3,82.0,0.0,0.1,0.0,0.0,0.0,0.0,0.82,402.0,-5.6000000000000005,Normal
5.0,3.3,87.0,0.0,0.0,0.0,0.01,0.0,0.0,0.82,110.0,2.0,Rain
-0.3,1.5,56.0,0.0,0.0,0.0,0.0,0.0,0.0,0.82,109.0,4.65,Rain
0.6,3.5,76.0,0.0,0.0,0.0,0.02,0.0,0.0,0.82,112.0,1.65,Rain
5.3,3.4,100.0,0.0,1.8,0.0,0.22,0.0,0.0,0.74,112.0,0.7000000000000002,Rain
-3.2669178611717404,1.9154446291376281,70.19455126107182,1.3478122707800158,4.268228921267959,0.0,0.053001226254779404,0.2671169768229515,0.04776706775898857,0.13,157.53673023673795,-1.9517474104450936,Ice
3.3,3.6,49.0,0.0,0.0,0.0,0.0,0.0,0.0,0.82,412.0,5.9,Normal
-1.1,4.950373476362445,84.16205333332397,0.0,2.647551760366547,0.0,0.22826690204143385,0.07921691764771042,0.3551625183816117,0.23494776234190384,105.0,-8.866951482973843,Ice
-17.8,1.1,73.0,0.0,0.0,0.0,0.0,0.0,0.0,0.82,445.0,-8.35,Normal
-15.1,1.0,72.0,0.0,0.0,0.0,0.0,0.0,0.0,0.82,422.0,-6.199999999999999,Normal
-0.7,1.2,100.0,4.0,6.2,6.0,0.0,0.14,0.09,0.46,110.0,-3.2,Snow
6.0,0.5,75.0,0.0,0.0,0.0,0.0,0.0,0.0,0.82,420.0,9.3,Normal
-4.2,1.8,97.0,4.0,2.7,1.0,0.17,0.0,0.0,0.76,112.0,-2.75,Snow
-13.0,2.5,44.0,0.0,0.0,0.0,0.0,0.0,0.0,0.82,112.0,-5.6,Rain
-2.5,5.9,100.0,4.0,3.2,2.0,0.02,0.49,0.13,0.36,112.0,-3.0,Snow
-5.26413927742187,5.323916249313665,81.76813865609843,0.0,3.0301769120598694,0.0,0.15382996769900048,0.28105686386452133,0.279500287316227,0.5558964497643212,110.63339909491647,-6.558307060735385,Ice
6.1,2.7,89.0,0.0,0.0,0.0,0.0,0.0,0.0,0.82,477.0,9.5,Rain
-4.4,4.1,91.0,5.0,1.0,12.0,0.08,0.08,0.11,0.58,112.0,-3.05,Snow
3.1,0.8,76.0,0.0,0.0,0.0,0.0,0.0,0.0,0.82,427.0,6.1,Normal
-4.052498946281005,3.548598559555074,100.0,2.643215793219417,1.4167725906601094,0.0,0.08878722823763924,0.05537537861199777,0.08286420836935225,0.54881523811999,237.49263908204819,-1.3,Ice
6.4,2.7,59.0,0.0,0.0,0.0,0.01,0.0,0.0,0.82,112.0,9.4,Rain
-12.7,2.3,51.0,0.0,0.0,0.0,0.0,0.0,0.0,0.82,492.0,-6.1499999999999995,Normal
7.8,0.8,71.0,0.0,0.0,0.0,0.0,0.0,0.0,0.82,395.0,9.6,Normal
2.5,4.0,95.0,0.0,0.9,0.0,0.48,0.0,0.0,0.67,115.0,-2.25,Rain
4.5,6.4,92.0,0.0,0.2,0.0,0.11,0.0,0.0,0.79,110.0,1.6500000000000001,Rain
6.0,3.0,61.0,0.0,0.0,0.0,0.0,0.0,0.0,0.82,415.0,7.45,Rain
5.4,3.1,100.0,0.0,2.9,0.0,0.21,0.0,0.0,0.74,112.0,-2.3499999999999996,Rain
-14.1,0.9,55.0,0.0,0.2,0.0,0.0,0.0,0.0,0.82,240.0,-8.7,Normal
3.5,2.2,98.0,0.0,5.1,0.0,0.27,0.01,0.02,0.72,115.0,-3.25,Rain
-2.5,1.9,97.0,5.0,3.9,18.0,0.0,0.29,0.24,0.19,112.0,-0.34999999999999987,Snow
2.4,0.5,65.0,0.0,0.0,0.0,0.0,0.0,0.0,0.82,150.0,6.7,Normal
-13.0,2.5,44.0,0.0,0.0,0.0,0.0,0.0,0.0,0.82,112.0,-5.6,Rain
5.2,1.3,100.0,0.0,0.2,0.0,0.18,0.0,0.0,0.76,112.0,0.5,Rain
-1.1,0.1,100.0,0.5676135110120369,0.0,0.0,0.08886587715059838,0.0,0.0,0.5964518055490479,105.0,-1.3,Ice
-18.4,0.3,32.0,0.0,1.8,0.0,0.0,0.0,0.0,0.82,110.0,-5.300000000000001,Normal
-18.8,0.6,32.0,0.0,0.0,0.0,0.0,0.0,0.0,0.82,437.0,-6.05,Normal
-5.0,0.9,92.0,4.0,0.4,1.0,0.0,0.36,0.17,0.3,110.0,-4.5,Snow
4.7,3.5,98.0,0.0,0.9,0.0,0.36,0.0,0.0,0.69,112.0,1.65,Rain
-2.7,2.6,97.0,4.0,3.2,2.0,0.13,0.16,0.18,0.46,112.0,-2.5500000000000003,Snow
-6.9,5.8,69.0,4.0,0.0,0.0,0.01,0.0,0.0,0.82,112.0,-3.9,Rain
5.6,4.9,100.0,0.0,0.3,0.0,0.2,0.0,0.0,0.75,107.0,-0.2999999999999998,Rain
-3.7,2.5,99.0,5.0,2.4,5.0,0.0,0.54,0.1,0.38,110.0,-6.35,Snow
-3.654112883759623,6.194013364552635,70.87431893423732,2.2246261362591317,0.0,0.0,0.1781864214060241,0.3059522016483701,0.02178564035243931,0.39212886942487113,105.0,-10.525712964142151,Ice
-9.0,4.6,62.0,0.0,0.0,0.0,0.0,0.0,0.0,0.82,438.0,-3.15,Normal
3.5,0.6,83.0,0.0,0.0,0.0,0.0,0.0,0.0,0.82,112.0,2.65,Rain
-6.2,3.6,80.0,4.0,0.7,1.0,0.26,0.0,0.0,0.72,112.0,-2.95,Snow
-2.3,3.5,97.0,4.0,5.3,4.0,0.46,0.01,0.04,0.67,112.0,-0.5,Snow
-3.7,7.1,98.0,5.0,0.8,9.0,0.0,0.24,0.17,0.28,112.0,-2.55,Snow
-2.7537644171710984,5.448738280281236,82.5283973782368,1.6338809947198538,2.576347380692602,0.0,0.22617144550772678,0.21608022481645212,0.1412371721537055,0.13,138.72212599590395,-1.3,Ice
-0.6,1.6,83.0,0.0,0.0,0.0,0.0,0.0,0.0,0.82,415.0,-0.5499999999999998,Normal
-1.1,0.8360846342617618,87.79999113202743,1.2790687778390581,3.4864503033903875,0.0,0.16625340480386652,0.23358366225224153,0.11713078127600744,0.3429197021512855,105.0,-4.778652138405487,Ice
4.6,1.9,85.0,0.0,0.0,0.0,0.01,0.0,0.0,0.82,141.0,8.75,Rain
-3.3,5.3,91.0,4.0,0.9,2.0,0.11,0.0,0.0,0.8,107.0,-1.4,Snow
-5.330002328685818,2.923041509729006,96.14095850588548,0.9415137853872197,4.8021537925839,0.0,0.0,0.0,0.23496612074556342,0.5527019583896942,105.0,-11.277238839764752,Ice
-2.8,2.6,67.0,0.0,0.0,0.0,0.0,0.0,0.0,0.82,112.0,0.44999999999999996,Rain
-5.1,3.8,87.0,4.0,4.6,1.0,0.08,0.0,0.0,0.81,110.0,-2.3,Snow
-3.6,6.3,93.0,5.0,1.7,11.0,0.0,0.15,0.23,0.17,112.0,-1.0999999999999999,Snow
-6.792294358397207,3.8183761531328893,73.01893871435516,0.0,0.0,0.0,0.0,0.10895603554870406,0.0,0.82,115.47718411804348,-4.027232431852111,Ice
-9.4,0.7,58.0,0.0,0.2,0.0,0.0,0.0,0.0,0.82,412.0,-3.0,Normal
-10.0,0.2,87.0,0.0,0.0,0.0,0.0,0.0,0.0,0.82,414.0,-5.0,Normal
-6.984030033814313,2.4343726186394266,85.28022194687088,0.7624841424483184,0.0,0.0,0.052100701368284805,0.07547816138270644,0.13456571945223184,0.6073502825122477,105.0,-10.00578363452745,Ice
-6.1,1.7,58.0,0.0,0.0,0.0,0.15,0.0,0.0,0.77,115.0,-1.1999999999999997,Rain
-1.1,1.5403254920508966,78.17033804177825,1.2851998905579254,0.23121396530414495,0.0,0.16205810003159274,0.08596572152557255,0.23133870168149034,0.3458773640211461,105.0,-2.2230973581445506,Ice
0.4,1.4,100.0,1.0,7.6,0.0,0.22,0.0,0.0,0.74,110.0,-2.25,Rain
3.0,0.4,48.0,0.0,0.0,0.0,0.0,0.0,0.0,0.82,112.0,8.6,Normal
-15.2,3.0,38.0,0.0,0.0,0.0,0.0,0.0,0.0,0.82,400.0,-6.65,Rain
-14.7,4.3,39.0,0.0,0.0,0.0,0.0,0.0,0.0,0.82,437.0,-6.300000000000001,Normal
4.9,1.2,55.0,0.0,0.0,0.0,0.0,0.0,0.0,0.82,417.0,6.3999999999999995,Normal
2.2,0.7,100.0,0.0,2.8,0.0,0.0,0.0,0.0,0.82,110.0,5.5,Rain
-1.5,2.8,87.0,1.0,0.5,0.0,0.77,0.0,0.0,0.64,112.0,-4.85,Rain
-4.8,6.1,77.0,4.0,0.0,2.0,0.0,0.0,0.0,0.82,112.0,-1.75,Snow
-3.0,4.0,93.0,4.0,9.7,8.0,0.0,0.33,0.19,0.26,475.0,-2.4499999999999997,Snow
1.4,3.7,99.0,1.0,6.2,0.0,0.22,0.02,0.03,0.74,112.0,-5.75,Rain
-1.3,1.2,100.0,6.0,4.2,18.0,0.0,0.85,0.03,0.37,112.0,-3.0,Snow
-9.5,3.3,59.0,0.0,0.0,0.0,0.0,0.0,0.0,0.82,415.0,-2.85,Normal
-2.2,3.2,100.0,4.0,2.6,3.0,0.36,0.09,0.18,0.69,112.0,-2.0,Snow
-11.9,1.7,56.0,0.0,1.0,0.0,0.0,0.0,0.0,0.82,127.0,-5.2,Normal
-2.8,2.9,100.0,6.0,1.5,7.0,0.0,0.24,0.1,0.4,112.0,-1.25,Snow
-16.3,1.3,76.0,0.0,0.0,0.0,0.0,0.0,0.0,0.82,424.0,-12.9,Normal
-2.5,2.6,97.0,4.0,1.3,16.0,0.0,0.18,0.17,0.26,110.0,-5.800000000000001,Snow
3.5,2.1,59.0,0.0,0.0,0.0,0.0,0.0,0.0,0.82,112.0,6.4,Rain
0.5,1.4,93.0,1.0,1.4,0.0,0.59,0.0,0.0,0.66,115.0,-1.0,Rain
-2.7,5.6,92.0,4.0,0.8,4.0,0.28,0.0,0.0,0.71,112.0,-0.7,Snow
5.1,1.5,100.0,0.0,0.2,0.0,0.17,0.0,0.0,0.76,112.0,0.5,Rain
